ID,observed_solubility,mean_prediction,residual,absolute_error,prediction_sd,prediction_range,nearest_neighbor_distance,mean_knn_distance,maximum_knn_distance,applicability_domain,failure_mode,rdkit_molwt,rdkit_mollogp,rdkit_ring_count,rdkit_aromatic_rings,rdkit_rotatable_bonds,rdkit_fraction_csp3
A-2607,-5.6698930776,-3.3131716119377366,-2.3567214656622637,2.3567214656622637,0.7325367395757466,1.4602806341729204,4.973794606862019,5.403908847382967,5.519425837961967,Out-of-domain,High-error + high-uncertainty,140.286,-2.4172,13,0,0,0.0
A-5022,-4.672731896,-8.258095202735548,3.585363306735548,3.585363306735548,0.3893300140410286,0.5505957860957302,2.04328752127895,2.6310572131540977,2.997812786988012,Out-of-domain,High-error + high-uncertainty,847.2359999999995,7.777400000000011,4,0,11,0.9166666666666666
B-2402,-13.1719,-8.789050311022926,-4.382849688977075,4.382849688977075,1.4075187678818049,1.9905321308331168,2.1508010304159257,2.413042537405318,2.7142279840332737,Out-of-domain,High-error + high-uncertainty,653.73,9.716199999999992,5,0,0,0.7777777777777778
A-220,-8.1852587653,-6.995339611053652,-1.1899191542463488,1.1899191542463488,0.3363466284029422,0.4756659635459046,1.8346956129205454,2.182557657708325,2.5944834754671833,Out-of-domain,High-error + high-uncertainty,765.9999999999998,10.377099999999992,4,4,21,0.4545454545454545
A-199,-7.5558815137,-5.9729562820757325,-1.5829252316242677,1.5829252316242677,0.6324065941434996,0.8943579823719148,1.7794235535555767,2.1511487002339,3.0209941712622825,Out-of-domain,High-error + high-uncertainty,899.1279999999997,5.911600000000007,8,0,7,0.78
A-3374,0.0571886956,-3.2407872947729883,3.297975990372988,3.297975990372988,0.3101512652512807,0.4386201257055364,1.6294349371748793,2.0615409444448147,2.277951295936788,Out-of-domain,High-error + high-uncertainty,530.6180000000004,2.116999999999999,3,2,20,0.5
C-1001,-2.2,-4.160611162905603,1.9606111629056029,1.9606111629056029,0.291248185485562,0.5789371766682585,0.4258102534211752,1.948208513965961,2.484052247541806,Out-of-domain,High-error + high-uncertainty,747.964,2.4397000000000046,3,0,8,0.9473684210526316
A-3074,-4.8472795348,-7.649634389860824,2.802354855060824,2.802354855060824,0.3142030896381792,0.577346972020977,1.5034131101920922,1.947449786880739,2.5303254621158286,Out-of-domain,High-error + high-uncertainty,562.8200000000002,9.8817,3,3,21,0.5
C-991,-1.27,-3.3351406430192156,2.0651406430192156,2.0651406430192156,0.1814077611017725,0.3548100069706952,0.4258102534211752,1.818855050990693,2.4397110276329648,Out-of-domain,High-error + high-uncertainty,733.9370000000001,1.785600000000004,3,0,7,0.945945945945946
A-2049,-5.8357203688,-7.541073829178749,1.705353460378749,1.705353460378749,0.3528673365454228,0.6487094025808391,1.5745588034179003,1.729426992602491,1.9563153414661387,Out-of-domain,High-error + high-uncertainty,685.047,9.095500000000005,3,1,9,0.8095238095238095
C-1069,-8.83,-7.260894876191897,-1.5691051238081029,1.5691051238081029,0.4962796956883893,1.1776208313363918,1.2660903278481435,1.7068099933649268,1.971402545713463,Out-of-domain,High-error + high-uncertainty,300.36,6.919200000000003,7,7,0,0.0
A-5951,-9.227651248,-7.613885247497873,-1.6137660005021282,1.6137660005021282,0.2248132989917503,0.3179340164359709,1.2052552131410244,1.6994089873905238,2.306946881885976,Out-of-domain,High-error + high-uncertainty,844.5419999999999,10.295399999999994,8,6,8,0.0
A-5480,-4.4504277175,-8.601080622858518,4.150652905358518,4.150652905358518,0.5707069714333612,0.807101539141934,1.3723081579943304,1.6908131106389253,1.962719418989966,Out-of-domain,High-error + high-uncertainty,564.232,8.3178,8,8,0,0.0
A-2453,-4.9504317948,-7.256968757892025,2.306536963092025,2.306536963092025,0.3891730419002065,0.8984365897344979,1.148643380756512,1.6670918872353866,2.018374175236533,Out-of-domain,High-error + high-uncertainty,713.71,6.146200000000004,8,6,7,0.048780487804878
A-5479,-4.5222231174,-6.046243196309739,1.5240200789097385,1.5240200789097385,0.3249033818870019,0.7816093157782422,0.0,1.6602208890452197,2.2380074818248286,Out-of-domain,High-error + high-uncertainty,665.6610000000003,6.754900000000005,9,9,4,0.0
C-1524,-6.33,-4.499482611901632,-1.830517388098368,1.830517388098368,0.2883017581498188,0.4077202564314817,1.4283574593426258,1.6474303350072064,1.9259189877630076,Out-of-domain,High-error + high-uncertainty,853.9180000000001,3.735700000000003,7,3,10,0.4468085106382978
A-5609,-5.949075231,-7.696373917737244,1.7472986867372438,1.7472986867372438,0.1499295058591979,0.283587700703058,1.353688591408446,1.630464087598353,1.9984539169079834,Out-of-domain,High-error + high-uncertainty,706.1479999999996,9.482999999999995,1,1,14,0.6666666666666666
A-2709,-7.1238862525,-5.857628773679288,-1.2662574788207124,1.2662574788207124,0.1579817196384397,0.311819159311538,0.8574775552363498,1.5544375489734876,1.9325242345523803,Out-of-domain,High-error + high-uncertainty,665.0529999999999,11.118799999999991,0,0,36,0.8536585365853658
A-6060,-7.5649937324,-4.2441886334396015,-3.320805098960398,3.320805098960398,1.216103579681944,2.122666214063318,0.9422935833559863,1.5451701641830766,1.7915006056333105,Out-of-domain,High-error + high-uncertainty,367.2770000000001,-2.7986999999999984,4,2,0,0.0
A-5474,-4.3931837232,-7.21470360327629,2.8215198800762904,2.8215198800762904,0.4133565337510264,0.768055947559203,1.113546985361383,1.5298606749974666,1.8112334422219307,Out-of-domain,High-error + high-uncertainty,494.55400000000026,6.515600000000005,8,6,3,0.125
G-882,-3.931,-5.915836462785634,1.9848364627856343,1.9848364627856343,0.2300494903223329,0.3253391092308613,1.4531825916098633,1.499783140245514,1.5610612894840987,Out-of-domain,High-error + high-uncertainty,511.5810000000002,4.289400000000002,7,4,5,0.1515151515151515
A-1490,1.5823133383,-0.487803350401436,2.070116688701436,2.070116688701436,0.4616059152593053,0.6528093458313552,0.8177760432779546,1.484704549915645,1.9304170175331024,Out-of-domain,High-error + high-uncertainty,500.65800000000047,0.7696000000000052,1,0,27,1.0
A-2790,-7.946874563300001,-4.615769168753628,-3.3311053945463724,3.3311053945463724,0.1881200483551158,0.2660419237380873,1.2239220817979244,1.4758273404922575,1.8298714785969723,Out-of-domain,High-error + high-uncertainty,442.4300000000002,4.140600000000002,7,7,0,0.0
A-6040,-8.4761487948,-5.646167008918721,-2.8299817858812792,2.8299817858812792,0.7259034407647346,1.4384172812462142,1.1475172199412147,1.418114934746503,1.7451071267489633,Out-of-domain,High-error + high-uncertainty,598.6580000000001,7.414600000000006,9,7,6,0.1
A-2119,-6.2014353624,-7.392234276971972,1.190798914571972,1.190798914571972,0.308157934135539,0.754481862578559,0.8418532621009507,1.415976769048865,1.7555268975356038,Out-of-domain,High-error + high-uncertainty,795.07,10.877799999999992,4,4,11,0.48
A-2036,-5.7380720068,-7.946914932500125,2.2088429257001243,2.2088429257001243,0.4059110754789904,0.9282836256119182,1.290936943213983,1.4133651544895212,1.505097675695779,Out-of-domain,High-error + high-uncertainty,574.4620000000002,8.9764,5,5,12,0.0
A-2004,-5.506567842999999,-7.03177819771467,1.5252103547146705,1.5252103547146705,0.596956313572884,1.0992897800329606,1.287258529753361,1.3816313747269722,1.5109920170344595,Out-of-domain,High-error + high-uncertainty,449.4650000000002,6.354100000000004,8,7,0,0.0
A-5625,-7.7579945848,-5.477068031555599,-2.2809265532444005,2.2809265532444005,0.331059038936412,0.7974511749533324,4.440892098500626e-16,1.3788358093906492,2.31412138259152,Out-of-domain,High-error + high-uncertainty,412.4080000000001,4.344000000000003,8,8,0,0.0
A-2622,-6.417202563200001,-1.0753990018830895,-5.341803561316912,5.341803561316912,0.407731363902464,0.803318716530891,0.8177760432779546,1.3602046697387045,1.7333030051120266,Out-of-domain,High-error + high-uncertainty,522.6760000000004,1.9984000000000008,1,0,25,0.9615384615384616
A-5980,-9.0249738719,-2.269105694460059,-6.755868177439941,6.755868177439941,0.3837913468875095,0.8649862358501381,1.3383774983177146,1.3531244391032424,1.377922485420831,Out-of-domain,High-error + high-uncertainty,423.6760000000001,-0.917,3,0,0,1.0
A-2757,-7.4761487948,-5.791834878046224,-1.6843139167537764,1.6843139167537764,0.6255120871220545,0.8846076770363105,0.6426292279329545,1.350418199752842,1.8112334422219307,Out-of-domain,High-error + high-uncertainty,598.6580000000001,8.572080000000001,9,7,2,0.1
A-1505,-4.524775941100001,-6.120070359867791,1.5952944187677902,1.5952944187677902,0.587163101713816,0.8303740217687317,0.6426292279329545,1.3409035169821226,1.8683494803708407,Out-of-domain,High-error + high-uncertainty,639.4540000000002,7.630800000000004,9,7,2,0.0
A-5665,-7.9658105639,-6.5441396883355845,-1.4216708755644154,1.4216708755644154,0.240897750021578,0.4751944893356432,1.0676050872862017,1.3122092657334625,1.389769550991032,Out-of-domain,High-error + high-uncertainty,545.3340000000001,10.912199999999988,0,0,21,1.0
A-481,-3.8360757577,-5.1846856770040874,1.3486099193040872,1.3486099193040872,0.5567235535490428,0.994301141876254,1.1357957334265798,1.2841435916773845,1.4692391185241318,Out-of-domain,High-error + high-uncertainty,438.7890000000002,5.921700000000004,0,0,27,0.925925925925926
A-6088,-8.848512616699999,-6.996893456148895,-1.8516191605511043,1.8516191605511043,0.6149091001168298,0.8696127890118559,0.9166926443536494,1.2704083330185287,1.6383163882464071,Out-of-domain,High-error + high-uncertainty,570.7700000000002,8.852300000000003,4,3,3,0.4594594594594595
A-5930,-8.6670954079,-6.518537569713167,-2.148557838186833,2.148557838186833,0.3434383812533753,0.6262766606404799,1.1321957026963851,1.248662984847302,1.3275036025918607,Out-of-domain,High-error + high-uncertainty,696.926,6.172000000000007,2,2,12,0.6
A-5578,-6.813060611,-8.460397724015674,1.6473371130156744,1.6473371130156744,0.7220913665746544,1.0211914038823986,0.3875149577918206,1.2427587975544152,1.6208506102416045,Out-of-domain,High-error + high-uncertainty,604.7050000000002,9.868199999999996,4,2,4,0.6363636363636364
B-13,-3.9208,-5.6005251942702055,1.6797251942702056,1.6797251942702056,0.1587025086925454,0.2931730755880313,0.0,1.2140451215489994,1.667927599585232,Out-of-domain,High-error + high-uncertainty,608.6880000000003,4.171100000000004,6,3,8,0.5151515151515151
A-5999,-6.7715099068,-5.516692758194875,-1.2548171486051256,1.2548171486051256,0.4075446573459165,0.7901582277406458,0.9718697159795798,1.2093290083882595,1.3832687737193243,Out-of-domain,High-error + high-uncertainty,425.4440000000002,3.5328200000000027,6,5,4,0.2
B-2382,-6.6637,-4.795662366213143,-1.8680376337868578,1.8680376337868578,0.2538608398277414,0.4532557793377227,1.0063830744571174,1.1903110184318062,1.2534345410843513,Out-of-domain,High-error + high-uncertainty,461.02200000000016,3.4106000000000014,2,1,5,0.0
A-5621,-7.9052553562,-5.568427608168413,-2.3368277480315864,2.3368277480315864,0.5880699826166443,1.0837565691926478,1.060747135325812,1.1808897501177928,1.3210910651905663,Out-of-domain,High-error + high-uncertainty,627.1190000000001,4.817300000000004,4,3,11,0.2333333333333333
A-5853,-7.5095589026,-6.139850977663507,-1.3697079249364936,1.3697079249364936,0.6534922272067457,0.92417757062118,0.9663580324352723,1.1606227896667565,1.2874002456960763,Out-of-domain,High-error + high-uncertainty,501.061,5.750900000000004,2,0,8,0.7647058823529411
A-4914,-2.8690757364,-1.5412470203174113,-1.3278287160825888,1.3278287160825888,0.2413749257944609,0.4312134558554266,0.8200790007919363,1.1399851037081825,1.3105769989322278,Out-of-domain,High-error + high-uncertainty,105.782,0.1563999999999998,3,0,0,0.0
C-334,-2.32,-4.426174027560722,2.1061740275607224,2.1061740275607224,0.1619687853888405,0.3209363374131824,0.8467455500241312,1.1350745350103235,1.2651351310415044,Out-of-domain,High-error + high-uncertainty,350.50300000000016,3.7680000000000025,4,0,9,0.9
B-2190,-2.8126,-4.073172400891432,1.2605724008914314,1.2605724008914314,0.3293032618528396,0.7140968411957505,0.9592690340186074,1.1320455925072361,1.3175153358041236,Out-of-domain,High-error + high-uncertainty,452.6400000000004,2.706400000000001,1,0,0,0.8333333333333334
A-1294,-3.4001753553,-5.157040645080416,1.756865289780416,1.756865289780416,0.2611777446486529,0.4804192574351811,0.8478200310208807,1.1226572840150761,1.3580787035099895,Out-of-domain,High-error + high-uncertainty,582.993,5.721400000000005,0,0,20,1.0
A-2569,-5.724958731699999,-7.462466880453668,1.737508148753669,1.737508148753669,0.2397861388782364,0.4762911248146455,0.9348005641484396,1.1093038059977336,1.4041397084141582,Out-of-domain,High-error + high-uncertainty,530.8340000000004,10.333999999999994,1,1,24,0.7647058823529411
C-2345,-5.85,-3.926453350360594,-1.9235466496394058,1.9235466496394058,0.2755920251866843,0.5510469305725891,1.0394689362365637,1.097900587563164,1.1607844984668507,Out-of-domain,High-error + high-uncertainty,356.4700000000002,2.7840000000000007,6,2,5,0.75
C-1523,-6.24,-7.40166942881128,1.1616694288112797,1.1616694288112797,0.3968236987902008,0.561193456700158,0.9306040902882617,1.0854012545730694,1.273806531194873,Out-of-domain,High-error + high-uncertainty,473.40700000000015,7.489800000000006,5,3,4,0.1111111111111111
A-2751,-7.2023327624,-5.776444275226371,-1.425888487173629,1.425888487173629,0.5430101725239651,0.7679323504899456,0.6194045048893339,1.0443216553744472,1.2323877940965227,Out-of-domain,High-error + high-uncertainty,382.42300000000006,4.464980000000003,5,5,3,0.1739130434782608
A-4449,-0.6984761494,-7.357775264440619,6.659299115040619,6.659299115040619,0.288427605589408,0.513207368702453,0.6997995011112282,1.0422483576167336,1.20589195881974,Out-of-domain,High-error + high-uncertainty,596.7710000000004,6.205800000000007,4,4,11,0.2903225806451613
C-2507,-1.23,-3.0728926501241887,1.8428926501241887,1.8428926501241887,0.1615108410806458,0.2851122371132017,0.7622025516231489,1.0394964702514344,1.1589685061406902,Out-of-domain,High-error + high-uncertainty,434.2830000000001,-1.6983999999999997,1,1,6,0.2
B-3126,-6.8395,-8.120848212260887,1.2813482122608866,1.2813482122608866,0.2583497090668893,0.4699478602725335,0.9747890594483791,1.0359023447707165,1.0788455631336675,Out-of-domain,High-error + high-uncertainty,483.77900000000005,6.636000000000001,3,3,0,0.0
B-944,-2.3208,-3.9435722592383193,1.6227722592383191,1.6227722592383191,0.4580393117994232,0.8889721807304802,0.38263850335327115,1.00234058105512,1.5637656880663662,Out-of-domain,High-error + high-uncertainty,627.9420000000002,2.793100000000001,1,1,4,0.25
A-6094,-9.2047594175,-6.052259174469897,-3.1525002430301035,3.1525002430301035,0.3314620831615237,0.5905792948976174,0.6787991412234885,1.0007465863200202,1.248297075902387,Out-of-domain,High-error + high-uncertainty,640.9430000000001,9.011200000000004,0,0,28,0.8918918918918919
A-2032,-5.6941064111,-7.362324782869273,1.6682183717692727,1.6682183717692727,0.4957800045666108,0.7011388064114961,0.34628784945995955,1.0003262343397916,1.2387867567520878,Out-of-domain,High-error + high-uncertainty,543.875,6.4737000000000045,2,2,2,0.2
A-6042,-7.214642713,-5.370398420772217,-1.844244292227783,1.844244292227783,0.9992975948400006,1.4132202114695431,0.9052097778661601,0.9976242081903548,1.061094020499221,Out-of-domain,High-error + high-uncertainty,306.5379999999999,6.823600000000007,1,1,16,0.85
B-291,-3.6478,-2.391509260079288,-1.2562907399207122,1.2562907399207122,0.183415316651458,0.4045963423576939,0.9146312673554335,0.977034701526887,1.0448393808200975,Out-of-domain,High-error + high-uncertainty,376.36900000000014,-1.7235599999999989,3,1,5,0.4117647058823529
A-2596,-5.7715452251,-7.417869906691043,1.646324681591043,1.646324681591043,0.1617984028420993,0.2844721656491318,0.46472620113719865,0.976190735113985,1.4855255094734792,Out-of-domain,High-error + high-uncertainty,472.7540000000004,9.059960000000004,2,1,13,0.7741935483870968
A-5552,-7.602120788300001,-6.412796141707016,-1.1893246465929845,1.1893246465929845,0.3337361379834618,0.4719741725902304,0.7571281644309567,0.9646083133659845,1.1721750250487468,Out-of-domain,High-error + high-uncertainty,400.0559999999999,5.082400000000002,1,0,0,1.0
B-696,0.0985,-2.8974569118229376,2.9959569118229377,2.9959569118229377,0.2048388755307594,0.4334838057380099,0.5511144497033464,0.9523724056667197,1.2359260631968367,Out-of-domain,High-error + high-uncertainty,398.5480000000003,2.095000000000001,2,0,9,0.9
A-3068,-5.1490404299,-8.014511599463232,2.8654711695632313,2.8654711695632313,1.4233141528165822,2.778838661821231,0.693359875762404,0.9486404025794476,1.1009136305825886,Out-of-domain,High-error + high-uncertainty,422.8260000000003,11.08439999999999,0,0,21,1.0
A-3146,0.7924026819,-1.1029749073483635,1.8953775892483633,1.8953775892483633,0.9445890389922288,1.806487762186116,0.7507385662339205,0.9426828140521867,1.2833685708198392,Out-of-domain,High-error + high-uncertainty,140.19,-1.0197999999999992,4,0,0,1.0
A-2685,-6.9058735609,-3.3513028003866068,-3.554570760513393,3.554570760513393,0.2410630163713642,0.431717760385546,0.8654666784431034,0.934297765912673,1.0212668850728936,Out-of-domain,High-error + high-uncertainty,402.57200000000006,3.492400000000002,1,0,17,0.9545454545454546
A-2802,-9.1518109699,-7.122521682012563,-2.029289287887437,2.029289287887437,0.181628548774857,0.256861556991546,0.6938806041316012,0.92729732364357,1.094043815140353,Out-of-domain,High-error + high-uncertainty,425.5320000000001,6.537300000000006,4,4,9,0.2222222222222222
A-5459,-3.3549684893,-6.396961194136144,3.0419927048361437,3.0419927048361437,0.2393762796308202,0.4678272897757711,0.7954422843317066,0.9181827962439707,1.0715462951478993,Out-of-domain,High-error + high-uncertainty,226.44799999999995,5.911200000000006,0,0,4,1.0
B-3281,-1.2891,-3.813599538314581,2.524499538314581,2.524499538314581,0.2082192356423508,0.3979653561734126,0.4088139358642978,0.9069360565252669,1.1027461583444802,Out-of-domain,High-error + high-uncertainty,402.751,2.5050000000000003,0,0,1,0.0
A-2798,-8.6167666964,-7.129399643692561,-1.4873670527074383,1.4873670527074383,0.1664798241789153,0.4443717655703727,0.6997995011112282,0.8991222866091965,1.0994454070351503,Out-of-domain,High-error + high-uncertainty,620.6660000000002,6.730800000000007,4,4,13,0.1764705882352941
A-5928,-8.2900385416,-6.613906792161292,-1.6761317494387074,1.6761317494387074,0.2014876286375026,0.4003878529352036,0.8580463141292364,0.8921766448000659,0.9368789242410639,Out-of-domain,High-error + high-uncertainty,331.5030000000001,7.192700000000007,3,3,4,0.3333333333333333
A-4305,-1.3016357757,-2.492751513365318,1.1911157376653179,1.1911157376653179,0.7924729471563917,1.45771314624404,0.7531809598460144,0.8781326467362808,0.9971752390211944,Out-of-domain,High-error + high-uncertainty,336.4690000000001,2.643700000000001,0,0,20,1.0
B-2536,-0.5911,-1.9664413520974107,1.3753413520974107,1.3753413520974107,0.3639695904532121,0.6460199811634586,0.19866617711350804,0.8743709857407825,1.2674522405857647,Out-of-domain,High-error + high-uncertainty,390.3850000000001,-2.1507999999999976,3,0,4,0.8235294117647058
A-5909,-6.672808805599999,-4.891677971873614,-1.781130833726385,1.781130833726385,0.2209077172376752,0.6563816866958048,0.4505774340575967,0.8730371902938089,1.0469034662776397,Out-of-domain,High-error + high-uncertainty,499.4870000000002,2.8873999999999995,4,4,8,0.08
A-2335,-4.8251168095,-0.7788035614982066,-4.046313248001793,4.046313248001793,0.6706503854718717,1.238315340454793,0.7424780864642218,0.86791840967266,1.0476000220136237,Out-of-domain,High-error + high-uncertainty,296.156,-2.195199999999998,1,0,4,1.0
A-2714,-6.8304564999,-1.3193583723309539,-5.5110981275690465,5.5110981275690465,0.7867891291046472,1.5213712348512358,0.5942622647822934,0.8666249187703003,1.0804057859898073,Out-of-domain,High-error + high-uncertainty,338.39700000000005,-1.3292999999999988,0,0,14,0.9333333333333332
C-2503,-2.01,-5.11766022623103,3.1076602262310304,3.1076602262310304,0.2706463146513637,0.5402378846757347,0.38263850335327115,0.8614156035086069,1.3663535756044947,Out-of-domain,High-error + high-uncertainty,613.9150000000001,3.1154,1,1,3,0.1818181818181818
A-5811,-8.2701498682,-7.140049068287472,-1.1301007999125288,1.1301007999125288,0.2013171924571477,0.4026155291967752,0.2044835122199705,0.8604493905626786,1.068359035865773,Out-of-domain,High-error + high-uncertainty,530.8780000000003,10.724499999999992,1,1,20,0.8
B-960,-1.3269,-4.758927157818847,3.4320271578188466,3.4320271578188466,0.1812557090017348,0.2563342819278045,0.6973319261093686,0.857755396809254,0.911547556499845,Out-of-domain,High-error + high-uncertainty,354.4940000000001,3.7264000000000026,5,1,2,0.6818181818181818
A-2565,-5.5936426625,-7.096119330984617,1.5024766684846176,1.5024766684846176,0.1696884865136843,0.2399757590062163,0.3285636188115327,0.8539930839411909,1.4847362086857063,Out-of-domain,High-error + high-uncertainty,392.3220000000002,4.358400000000002,7,5,0,0.0
B-4371,-2.0061,-5.9632263348394305,3.9571263348394305,3.9571263348394305,0.1611020536401494,0.283636596520167,0.6531070392757188,0.8511148919109355,1.2021383139294606,Out-of-domain,High-error + high-uncertainty,552.6580000000001,4.7458,1,1,1,0.0
A-2145,-5.9980085438,-3.9254467823614196,-2.0725617614385805,2.0725617614385805,0.1952192484049157,0.468170928180291,0.7043575521881847,0.8297301993713511,0.895777896150611,Out-of-domain,High-error + high-uncertainty,358.3530000000001,2.1362,4,2,4,0.0476190476190476
C-1515,-6.33,-3.750310767278547,-2.579689232721453,2.579689232721453,0.4012429920314446,0.5674432811380288,0.7260658470422808,0.8257039798428794,0.9016190753201138,Out-of-domain,High-error + high-uncertainty,296.332,2.1513400000000003,3,1,0,0.0
B-3495,-5.5186,-6.783003363594635,1.264403363594635,1.264403363594635,0.150504217727539,0.3443933125547662,0.34628784945995955,0.8254160083954734,0.9867476512811354,Out-of-domain,High-error + high-uncertainty,528.066,6.146220000000002,2,2,3,0.2307692307692307
B-751,-1.9582,0.5398286663449591,-2.498028666344959,2.498028666344959,0.2616504879509915,0.4969241939008761,0.6671258601946964,0.8248967780738632,1.0391644997649832,Out-of-domain,High-error + high-uncertainty,254.27899999999997,-3.070399999999999,0,0,10,1.0
B-2857,-11.5827,-9.863077540354276,-1.7196224596457252,1.7196224596457252,1.111511737936978,2.181106631747012,0.4327869492964811,0.824644567720185,1.006316700450671,Out-of-domain,High-error + high-uncertainty,443.7550000000001,8.813199999999998,3,3,0,0.0
C-2571,-8.65,-7.300502059869732,-1.3494979401302682,1.3494979401302682,0.288349620364092,0.4077879438240321,0.4327869492964797,0.8236282356830962,1.1870686772120294,Out-of-domain,High-error + high-uncertainty,540.6590000000001,7.093000000000002,3,3,4,0.05
A-3195,-1.4062217243,-3.3227852387580525,1.9165635144580526,1.9165635144580526,0.3668970333927407,0.6579336516489098,0.7070085083069746,0.8228921501388233,0.9801514528047621,Out-of-domain,High-error + high-uncertainty,218.11999999999995,-0.5045999999999998,3,3,0,0.0
A-5106,-7.763261261599999,-6.04009450985296,-1.7231667517470397,1.7231667517470397,0.1637331365006187,0.2315536222490601,0.6572466523309554,0.8188651799145632,0.9834452309116408,Out-of-domain,High-error + high-uncertainty,476.57700000000034,5.146400000000004,4,2,4,0.4074074074074074
A-2016,-5.517335043099999,-7.519898875048105,2.0025638319481054,2.0025638319481054,0.3109041239970756,0.647413720149677,0.5522711268842211,0.8181745588208086,0.9781135475705895,Out-of-domain,High-error + high-uncertainty,424.5460000000001,6.764400000000005,5,4,4,0.0
C-1094,-3.81,-5.910997683357057,2.100997683357057,2.100997683357057,0.1617446379260438,0.3214697667367465,0.5258202681079684,0.8119647313275518,0.9724064840384076,Out-of-domain,High-error + high-uncertainty,286.459,5.510300000000005,1,0,5,0.5
A-5854,-7.255740326000001,-4.888310482034852,-2.367429843965149,2.367429843965149,0.16558193062098,0.4034987754361872,0.5685104550105545,0.8056306368602865,0.9113500349321251,Out-of-domain,High-error + high-uncertainty,270.291,3.8919000000000015,5,3,0,0.0
A-5998,-7.7185099927,-6.352809616338202,-1.3657003763617972,1.3657003763617972,0.4878738319142502,0.8933513647101954,0.3285636188115327,0.8050319285487936,1.363026600286834,Out-of-domain,High-error + high-uncertainty,418.4080000000002,4.188800000000003,7,5,0,0.0769230769230769
B-4424,-12.0605,-9.98878443404161,-2.071715565958389,2.071715565958389,1.1644847819540602,2.487200867633936,0.4327869492964808,0.8039712324479179,0.9071651047833824,Out-of-domain,High-error + high-uncertainty,459.75400000000025,8.8118,3,2,0,0.0
B-2922,-3.3105,-5.854521236249806,2.5440212362498054,2.5440212362498054,0.2862339261171825,0.404795900326218,0.596289813550855,0.797751356238999,0.8866344269361935,Out-of-domain,High-error + high-uncertainty,347.48000000000013,5.863000000000006,1,0,13,1.0
A-2474,-5.0625368604,-2.5042503615855156,-2.5582864988144842,2.5582864988144842,0.1928803181709612,0.3535580463157792,0.6940146749836388,0.7976792135978201,0.8522167395301776,Out-of-domain,High-error + high-uncertainty,346.46400000000006,1.931999999999999,1,0,13,0.9444444444444444
