ID,observed_solubility,mean_prediction,prediction_sd,prediction_range,n_predictions,residual,absolute_error,rdkit_molwt,rdkit_mollogp,rdkit_ring_count,rdkit_aromatic_rings,rdkit_rotatable_bonds,rdkit_fraction_csp3,observed_solubility_region
A-2761,-7.3271074817,-9.160455019488614,2.9560046776274733,5.840437403003151,3,1.8333475377886144,1.8333475377886144,424.7540000000004,9.931799999999996,0,0,25,0.9642857142857144,< -6
A-2551,-5.6135997753,-8.44375906900697,2.6608435964668025,5.317306588967596,3,2.830159293706971,2.830159293706971,410.7710000000004,9.997099999999996,0,0,25,1.0,-6 to < -4
A-2658,-6.6281415672,-8.053615474726216,1.9208431045736494,3.7669028150440766,3,1.4254739075262162,1.4254739075262162,424.7580000000002,7.876200000000009,0,0,24,0.9629629629629628,< -6
A-212,-7.2523945018000004,-7.653934999567085,1.621986096354568,3.1270184400331935,3,0.4015404977670842,0.4015404977670842,482.7900000000005,9.186800000000003,0,0,25,0.9333333333333332,< -6
A-5013,-4.3499005787,-7.619559646093283,1.5015062238649095,2.9271220056785623,3,3.269659067393283,3.269659067393283,514.7880000000006,10.609999999999992,0,0,26,0.9333333333333332,-6 to < -4
A-3068,-5.1490404299,-8.014511599463232,1.4233141528165822,2.778838661821231,3,2.8654711695632313,2.8654711695632313,422.8260000000003,11.08439999999999,0,0,21,1.0,-6 to < -4
B-2402,-13.1719,-8.789050311022926,1.4075187678818049,1.9905321308331168,2,-4.382849688977075,4.382849688977075,653.73,9.716199999999992,5,0,0,0.7777777777777778,< -6
A-1553,-4.3767049743,-6.399596247255857,1.2760086513930715,2.513968449125035,3,2.0228912729558575,2.0228912729558575,430.907,4.682900000000003,0,0,12,1.0,-6 to < -4
A-5803,-7.2887340171,-7.333500124534393,1.272702718602307,2.5416893957647355,3,0.04476610743439302,0.04476610743439302,414.108,5.354500000000002,0,0,5,1.0,< -6
A-2724,-6.9550061959,-7.409486302474082,1.264503234697194,2.465798941575291,3,0.45448010657408133,0.45448010657408133,450.7920000000004,10.487999999999992,0,0,26,0.9,< -6
A-6060,-7.5649937324000005,-4.2441886334396015,1.216103579681944,2.122666214063318,3,-3.320805098960399,3.320805098960399,367.2770000000001,-2.7986999999999984,4,2,0,0.0,< -6
B-2871,-3.6344,-7.038727941393238,1.1994949036958982,2.3868508441052416,3,3.404327941393238,3.404327941393238,430.907,5.725700000000003,0,0,12,1.0,-4 to < -2
A-2418,-7.801238331,-8.2886449251692,1.1702365303246027,1.654964372369487,2,0.4874065941691992,0.4874065941691992,632.7590000000001,10.485039999999993,4,2,4,0.6571428571428571,< -6
B-4424,-12.0605,-9.98878443404161,1.1644847819540602,2.487200867633936,4,-2.071715565958389,2.071715565958389,459.75400000000025,8.8118,3,2,0,0.0,< -6
B-2857,-11.5827,-9.863077540354276,1.1115117379369779,2.181106631747012,3,-1.7196224596457252,1.7196224596457252,443.7550000000001,8.813199999999998,3,3,0,0.0,< -6
A-2728,-6.855595468500002,-5.545217304711888,1.015406725041016,2.0266969867624134,3,-1.3103781637881138,1.3103781637881138,358.56300000000005,5.000200000000006,0,0,18,0.9523809523809524,< -6
A-6042,-7.214642713,-5.370398420772217,0.9992975948400006,1.4132202114695431,2,-1.844244292227783,1.844244292227783,306.5379999999999,6.823600000000007,1,1,16,0.85,< -6
B-2832,-11.4795,-9.38044863165818,0.984110333522699,2.1220486855347787,4,-2.0990513683418204,2.0990513683418204,425.3090000000002,8.1584,3,2,0,0.0,< -6
A-3146,0.7924026819,-1.1029749073483635,0.9445890389922288,1.8064877621861162,3,1.8953775892483633,1.8953775892483633,140.19,-1.0197999999999992,4,0,0,1.0,0 to < 2
C-2008,-4.06,-3.3184574124418145,0.9438632519677678,1.334824211958391,2,-0.7415425875581851,0.7415425875581851,196.122,-2.4070000000000005,2,2,0,0.0,-6 to < -4
F-762,-3.29,-3.342222280866942,0.9305515279231829,2.1905554115436825,4,0.05222228086694214,0.05222228086694214,270.3,-0.3692599999999992,2,1,2,0.0,-4 to < -2
A-2493,-6.9187336597,-6.353015440509606,0.9117996054281229,1.755980577584955,3,-0.5657182191903942,0.5657182191903942,414.67100000000016,6.704700000000009,0,0,23,0.96,< -6
A-1345,-3.8454729507,-2.062966870057309,0.8988703134208713,1.271194588054351,2,-1.782506080642691,1.782506080642691,154.13299999999998,-0.3789000000000002,1,1,1,0.0,-4 to < -2
A-4918,-3.3623020198,-4.959888353939465,0.8963003315743665,1.7481165224426203,3,1.5975863341394647,1.5975863341394647,322.4260000000001,5.552800000000006,0,0,14,1.0,-4 to < -2
C-1619,-6.150000000000001,-5.766266798251578,0.8844324712003577,1.648594515686617,3,-0.3837332017484236,0.3837332017484236,310.522,6.934600000000008,0,0,17,0.85,< -6
A-2455,-4.7267916006,-4.549407137090633,0.8755133698466784,1.6836961885150248,3,-0.17738446350936776,0.17738446350936776,330.509,4.364100000000005,0,0,17,0.9473684210526316,-6 to < -4
B-894,1.4942,-0.9194419486993612,0.854912439320183,1.6396612676832627,3,2.413641948699361,2.413641948699361,32.046,-1.1812,0,0,0,0.0,0 to < 2
B-1738,-1.5701,-1.4367183611041145,0.834050673127589,1.1795257736434455,2,-0.1333816388958855,0.1333816388958855,297.271,-2.8334999999999986,3,2,3,0.5454545454545454,-2 to < 0
B-31,0.0018,-1.0141122911557556,0.8333491430216395,1.1785336602531986,2,1.0159122911557557,1.0159122911557557,189.224,0.1577000000000001,3,0,3,1.0,0 to < 2
A-2046,-5.5152815814,-5.451821458152999,0.830766381230602,1.5291145962576973,3,-0.06346012324700112,0.06346012324700112,327.553,5.356400000000005,0,0,18,0.95,-6 to < -4
E-866,-0.17,-2.271496445387329,0.8012599483713563,1.133152685973138,2,2.1014964453873293,2.1014964453873293,254.246,-2.213099999999999,2,2,3,0.5,-2 to < 0
A-4771,-2.8821848863999997,-3.525026882216519,0.8012537154836464,1.402113960438474,3,0.6428419958165192,0.6428419958165192,434.57000000000033,3.299800000000002,0,0,23,0.9090909090909092,-4 to < -2
A-2106,-5.7752741917,-5.220974023606808,0.8008314860327407,1.581094354898811,3,-0.5543001680931923,0.5543001680931923,357.62300000000005,5.534500000000007,0,0,21,1.0,-6 to < -4
A-4305,-1.3016357757,-2.4927515133653175,0.7924729471563917,1.45771314624404,3,1.1911157376653174,1.1911157376653174,336.4690000000001,2.643700000000001,0,0,20,1.0,-2 to < 0
A-1114,-5.0206378696,-5.700149435793065,0.7893321050472053,1.5773389964843316,3,0.6795115661930655,0.6795115661930655,356.5470000000002,5.531800000000006,0,0,14,0.9047619047619048,-6 to < -4
A-2714,-6.8304564998999995,-1.3193583723309539,0.7867891291046472,1.5213712348512358,3,-5.511098127569046,5.511098127569046,338.39700000000005,-1.3292999999999988,0,0,14,0.9333333333333332,< -6
A-5530,-8.1906449159,-7.209390619340684,0.7779683922406592,1.5558327823028,3,-0.9812542965593165,0.9812542965593165,432.76200000000034,7.233200000000009,0,0,20,1.0,< -6
A-2626,-6.356030958999999,-5.66960151328811,0.7669389724564147,1.5088381975075524,3,-0.6864294457118891,0.6864294457118891,340.5040000000002,5.350000000000006,0,0,16,0.8,< -6
B-1424,-6.3476,-5.747068870686658,0.7636360299235818,1.4895214486132193,3,-0.6005311293133415,0.6005311293133415,228.41999999999996,5.069900000000006,0,0,13,1.0,< -6
B-4495,-2.3788,-2.2652114703545774,0.7604741703934259,1.8043615931523893,5,-0.11358852964542265,0.11358852964542265,136.11399999999998,-0.4022000000000001,2,0,0,0.0,-4 to < -2
A-4957,-3.6312456143999996,-5.372652360660601,0.7594530840570048,1.3769745492312344,3,1.7414067462606018,1.7414067462606018,269.5169999999999,6.206600000000005,0,0,16,1.0,-4 to < -2
A-2745,-6.9799366685,-5.639121805530375,0.7576248678938932,1.4568562319153644,3,-1.3408148629696246,1.3408148629696246,286.456,5.572400000000006,0,0,12,0.9411764705882352,< -6
A-2702,-6.8994921961,-6.733068698125128,0.7565731817361124,1.428782434761545,3,-0.166423497974872,0.166423497974872,396.7000000000003,9.151600000000002,0,0,23,0.9615384615384616,< -6
H-245,-10.66,-8.65934801706546,0.7534283243334035,1.499951762255873,3,-2.0006519829345404,2.0006519829345404,374.86500000000007,7.5064,3,3,0,0.0,< -6
C-2439,-10.3,-8.65934801706546,0.7534283243334035,1.499951762255873,3,-1.640651982934541,1.640651982934541,374.865,7.5064,3,3,0,0.0,< -6
B-655,-8.1724,-6.299993566017889,0.743313444992449,1.3602555512613312,3,-1.8724064339821105,1.8724064339821105,282.5559999999999,8.048000000000007,0,0,17,1.0,< -6
B-3124,-11.481699999999998,-8.688705979098737,0.7384833138254564,1.4702199728231138,3,-2.7929940209012614,2.7929940209012614,409.31000000000006,8.159799999999999,3,3,0,0.0,< -6
B-4428,-10.9486,-8.845634106106058,0.7367777369918813,1.6400857956810508,4,-2.102965893893943,2.102965893893943,390.86400000000015,7.505000000000001,3,2,0,0.0,< -6
A-1002,-6.4511045339,-6.283407755631735,0.7352472701741859,1.3598986413490222,3,-0.16769677826826435,0.16769677826826435,282.556,7.903900000000008,0,0,16,1.0,< -6
B-1830,-9.703,-9.600065583176889,0.7348978546494835,1.538085998729949,4,-0.10293441682311055,0.10293441682311055,403.734,8.067,2,2,0,0.0,< -6
A-4534,1.3463919758000003,-0.48604722713069454,0.7345260261121638,1.386432181914125,3,1.8324392029306948,1.8324392029306948,45.041,-0.8985000000000001,0,0,0,0.0,0 to < 2
A-5456,-3.3974324561999993,-4.487494393286408,0.7328930683886639,1.401498691369945,3,1.0900619370864084,1.0900619370864084,374.562,4.115100000000004,0,0,19,0.9523809523809524,-4 to < -2
A-2607,-5.6698930776,-3.3131716119377366,0.7325367395757466,1.4602806341729204,3,-2.3567214656622637,2.3567214656622637,140.286,-2.4172,13,0,0,0.0,-6 to < -4
A-6040,-8.4761487948,-5.646167008918721,0.7259034407647346,1.4384172812462142,3,-2.8299817858812792,2.8299817858812792,598.6580000000001,7.414600000000006,9,7,6,0.1,< -6
A-5458,-3.7440777388,-4.632829477200577,0.7232361314086073,1.0228103458363025,2,0.8887517384005768,0.8887517384005768,554.7250000000003,3.443100000000003,2,0,16,0.8620689655172413,-4 to < -2
A-5578,-6.813060611,-8.460397724015674,0.7220913665746544,1.0211914038823986,2,1.6473371130156744,1.6473371130156744,604.7050000000002,9.868199999999996,4,2,4,0.6363636363636364,< -6
B-1368,-4.0326,-5.22619571474602,0.7128623673643163,1.2530433065294924,3,1.1935957147460199,1.1935957147460199,227.43599999999995,4.859000000000005,0,0,12,1.0,-6 to < -4
A-1382,-1.8076460763,-1.4947263497121972,0.7079641901037375,1.3942274286467158,3,-0.31291972658780276,0.31291972658780276,129.075,-2.2485000000000004,1,1,0,0.0,-2 to < 0
B-2750,-8.775,-9.269681499719024,0.7042935249303799,1.660147852382254,4,0.4946814997190234,0.4946814997190234,369.2890000000001,7.4136,2,2,0,0.0,< -6
A-6048,-7.7273960926,-8.662437824459811,0.6974284317007625,0.9863127468958162,2,0.935041731859811,0.935041731859811,693.9680000000001,9.425399999999996,6,4,2,0.0384615384615384,< -6
A-2645,-6.4720818187,-6.379725193165669,0.6933249081395718,1.2090355574828546,3,-0.09235662553433155,0.09235662553433155,296.539,7.408000000000007,0,0,18,0.9,< -6
B-1982,-4.1009,-5.355024760491539,0.6886110515541541,1.358337422371326,3,1.254124760491539,1.254124760491539,378.4330000000002,5.158400000000005,0,0,14,1.0,-6 to < -4
A-2173,-6.4612511717,-7.307813128023402,0.6841803756362133,1.339784245921873,3,0.8465619563234021,0.8465619563234021,665.2410000000002,8.580400000000006,7,7,12,0.1707317073170731,< -6
B-2717,-6.7708,-5.668424097355049,0.6812355752799254,1.3491289527264385,3,-1.1023759026449511,1.1023759026449511,242.44699999999995,5.458400000000006,0,0,13,1.0,< -6
A-2025,-5.4565752567,-5.526672107798109,0.6794783509375035,1.3481966042181774,3,0.07009685109810881,0.07009685109810881,340.5040000000002,5.061800000000005,0,0,14,0.8,-6 to < -4
A-6020,-6.975819717300001,-5.526672107798109,0.6794783509375035,1.3481966042181774,3,-1.4491476095018925,1.4491476095018925,340.5040000000002,5.061800000000005,0,0,14,0.8,< -6
A-326,-1.4593774078,-4.075391455040843,0.6762967536538979,1.351750144864675,3,2.616014047240843,2.616014047240843,230.39199999999997,3.916200000000003,0,0,13,1.0,-2 to < 0
A-2115,-5.8326804614,-5.763782576189751,0.6753512121399329,1.2991455683226638,3,-0.06889788521024887,0.06889788521024887,364.6240000000002,5.045200000000005,0,0,16,0.9411764705882352,-6 to < -4
A-2420,-5.0665338896,-5.012737212382351,0.6745476195498176,0.9539543920338387,2,-0.05379667721764836,0.05379667721764836,582.7790000000003,3.935100000000004,2,0,16,0.8709677419354839,-6 to < -4
A-2335,-4.8251168095,-0.7788035614982066,0.6706503854718717,1.238315340454793,3,-4.046313248001793,4.046313248001793,296.156,-2.195199999999998,1,0,4,1.0,-6 to < -4
A-2623,-6.256077615900001,-4.801178558787716,0.6640909002861074,1.2654202236975864,3,-1.4548990571122848,1.4548990571122848,270.50099999999986,6.096100000000007,0,0,15,1.0,< -6
A-2379,-4.6524349135000005,-4.801178558787716,0.6640909002861074,1.2654202236975864,3,0.14874364528771533,0.14874364528771533,269.51699999999994,6.029300000000006,0,0,15,1.0,-6 to < -4
A-2732,-6.709998828,-5.647696993196095,0.6606934037797699,1.2553655226269385,3,-1.0623018348039048,1.0623018348039048,256.4299999999999,5.250600000000006,0,0,13,0.9375,< -6
B-2819,-0.23549999999999996,-1.1623293531369845,0.6581056380499916,1.163516150928695,3,0.9268293531369846,0.9268293531369846,244.207,-3.0114999999999994,2,1,3,0.625,-2 to < 0
B-2822,0.3032,-0.3658378226518189,0.6572328773669537,0.9294676488098391,2,0.669037822651819,0.669037822651819,497.49400000000014,-6.752699999999988,3,0,7,0.9,0 to < 2
A-5853,-7.5095589026,-6.139850977663507,0.6534922272067457,0.9241775706211799,2,-1.3697079249364936,1.3697079249364936,501.061,5.750900000000004,2,0,8,0.7647058823529411,< -6
A-4537,1.3365535082,0.558728625720633,0.6533040042512102,1.2070095983140143,3,0.777824882479367,0.777824882479367,46.073,-0.9205,0,0,0,1.0,0 to < 2
B-1945,-1.7166,-4.782829757124984,0.6463771318298132,1.1670630600539242,3,3.066229757124984,3.066229757124984,234.3199999999999,4.6814000000000044,0,0,10,1.0,-2 to < 0
A-3306,0.2865181043,-3.213413711825204,0.6433085011249728,1.2766278518401961,3,3.499931816125204,3.499931816125204,351.55300000000005,2.889800000000001,0,0,15,1.0,0 to < 2
A-2553,-5.3846168146,-5.489210691781196,0.6407065596974755,1.2586757296972202,3,0.10459387718119562,0.10459387718119562,242.44699999999992,5.315900000000005,0,0,13,1.0,-6 to < -4
A-5529,-7.835715931,-5.3545264745654535,0.6402256578338343,1.2804321874041555,3,-2.4811894564345467,2.4811894564345467,342.5200000000001,5.285800000000005,0,0,15,0.9,< -6
C-2584,-2.37,-2.3130906043560557,0.6401457428164609,1.4280522845097736,4,-0.05690939564394437,0.05690939564394437,817.0419999999996,1.1787000000000047,2,2,26,0.6585365853658537,-4 to < -2
A-1199,-3.9356925608,-5.491903707458779,0.6371834020012918,1.2505966826644688,3,1.5562111466587791,1.5562111466587791,241.46299999999997,5.249100000000005,0,0,13,1.0,-4 to < -2
A-2458,-3.8458307588,-4.423041867480198,0.6371418701242301,0.9010546738854432,2,0.5772111086801983,0.5772111086801983,350.59100000000007,5.730300000000007,1,0,17,0.8636363636363636,-4 to < -2
A-199,-7.5558815137,-5.9729562820757325,0.6324065941434996,0.8943579823719148,2,-1.5829252316242677,1.5829252316242677,899.1279999999997,5.911600000000007,8,0,7,0.78,< -6
A-2000,-5.647161854,-5.72833067509617,0.6322373836328348,1.2910283756226058,4,0.08116882109616963,0.08116882109616963,665.6610000000003,6.754900000000005,9,9,4,0.0,-6 to < -4
B-70,-6.8644,-6.508113711741149,0.6275093434101612,1.5263753131952367,4,-0.35628628825885045,0.35628628825885045,409.7819999999999,5.682800000000001,3,0,0,0.8,< -6
A-2757,-7.4761487948,-5.791834878046224,0.6255120871220545,0.8846076770363105,2,-1.6843139167537764,1.6843139167537764,598.6580000000001,8.572080000000001,9,7,2,0.1,< -6
A-2584,-5.4321688749999995,-5.562216643730369,0.6245923983057786,1.124701816064146,3,0.13004776873036938,0.13004776873036938,270.50099999999986,6.240200000000008,0,0,16,1.0,-6 to < -4
A-5310,0.8470942954,-0.9828398458477572,0.6232691034266463,0.8814356190740825,2,1.8299341412477572,1.8299341412477572,142.202,-1.0214999999999987,3,0,1,1.0,0 to < 2
D-1387,0.179,-0.6822809375669433,0.6222246497339122,0.8799585384965474,2,0.8612809375669432,0.8612809375669432,192.167,-2.3214,1,0,1,0.8571428571428571,0 to < 2
A-2710,-6.733128222,-5.792896595614404,0.6211199658728104,1.1551492785060722,3,-0.9402316263855965,0.9402316263855965,270.45699999999994,5.496600000000005,0,0,13,0.9411764705882352,< -6
A-676,-4.7801182897,-5.192806724529206,0.6207304974709626,1.1782284255919517,3,0.4126884348292066,0.4126884348292066,355.6070000000001,5.310500000000006,0,0,20,0.9090909090909092,-6 to < -4
A-861,-4.7309406924,-4.791517340657188,0.6190030387284847,1.217556937057891,3,0.06057664825718767,0.06057664825718767,260.4869999999999,4.877200000000005,0,0,10,1.0,-6 to < -4
F-410,-0.46,-1.3435075254275057,0.6173544874163661,1.2872061583853374,4,0.8835075254275058,0.8835075254275058,216.222,-2.1851000000000003,1,0,1,0.3333333333333333,-2 to < 0
A-6088,-8.848512616699999,-6.996893456148895,0.6149091001168298,0.8696127890118559,2,-1.8516191605511043,1.8516191605511043,570.7700000000002,8.852300000000003,4,3,3,0.4594594594594595,< -6
A-1153,-3.0495421403,-2.932311709040666,0.6140067004832636,1.091752136790289,3,-0.11723043125933374,0.11723043125933374,328.4050000000001,2.2844000000000007,0,0,14,0.6470588235294118,-4 to < -2
A-5034,-4.2367225564,-5.304432414422809,0.6084542324932263,1.21667263231359,3,1.067709858022809,1.067709858022809,241.46299999999997,5.008800000000004,0,0,12,1.0,-6 to < -4
B-2700,-5.2239,-7.137222713536509,0.6012611609973594,0.8503116884106587,2,1.913322713536509,1.913322713536509,368.369,6.454900000000006,3,3,7,0.1428571428571428,-6 to < -4
B-273,-3.3682,-4.781810093681041,0.5993623845898733,0.8476264130632778,2,1.413610093681041,1.413610093681041,408.5790000000002,3.4487000000000023,4,0,4,0.9583333333333334,-4 to < -2
C-1819,-4.35,-4.781810093681041,0.5993623845898733,0.8476264130632778,2,0.4318100936810412,0.4318100936810412,408.5790000000002,3.4487000000000023,4,0,4,0.9583333333333334,-6 to < -4
B-1155,-4.3465,-4.781810093681041,0.5993623845898733,0.8476264130632778,2,0.435310093681041,0.435310093681041,408.5790000000002,3.4487000000000023,4,0,4,0.9583333333333334,-6 to < -4
C-420,-3.63,-4.781810093681041,0.5993623845898733,0.8476264130632778,2,1.151810093681041,1.151810093681041,408.5790000000002,3.4487000000000023,4,0,4,0.9583333333333334,-4 to < -2
A-2659,-6.4963012647000005,-5.705836503478058,0.5971184777157348,1.1407172886928532,3,-0.7904647612219424,0.7904647612219424,313.546,6.695000000000007,0,0,19,1.0,< -6
A-2004,-5.506567842999999,-7.03177819771467,0.596956313572884,1.0992897800329606,3,1.5252103547146705,1.5252103547146705,449.4650000000002,6.354100000000004,8,7,0,0.0,-6 to < -4
A-5554,-7.641525667500001,-7.103201361251244,0.5967754688270599,1.097973422204503,3,-0.5383243062487564,0.5383243062487564,438.052,5.922800000000002,0,0,5,1.0,< -6
B-4640,-3.9145,-4.065118064619997,0.5930212915820365,1.186036455929547,3,0.1506180646199975,0.1506180646199975,369.5930000000004,3.956600000000003,0,0,16,1.0,-4 to < -2
D-1917,-1.19,-1.9731479324401007,0.5922262093207076,0.8375343372141522,2,0.7831479324401007,0.7831479324401007,294.303,-0.6178000000000003,5,0,1,0.8,-2 to < 0
A-5621,-7.905255356199999,-5.568427608168413,0.5880699826166443,1.0837565691926478,3,-2.3368277480315855,2.3368277480315855,627.1190000000001,4.817300000000004,4,3,11,0.2333333333333333,< -6
A-1505,-4.524775941100001,-6.120070359867791,0.587163101713816,0.8303740217687317,2,1.5952944187677902,1.5952944187677902,639.4540000000002,7.630800000000004,9,7,2,0.0,-6 to < -4
A-5450,-2.4949028287,-4.920002818670102,0.57723523022924,1.0026885433582446,3,2.425099989970102,2.425099989970102,312.538,6.032800000000007,0,0,18,0.9,-4 to < -2
A-1896,1.0357686635,0.5869308125992503,0.5740590470636857,1.0602643634337012,3,0.4488378509007498,0.4488378509007498,92.094,-1.6681,0,0,2,1.0,0 to < 2
B-224,-4.9058,-3.7423353939730375,0.5726837241815373,1.0548778506585053,3,-1.1634646060269627,1.1634646060269627,402.4840000000002,3.0984000000000016,0,0,15,0.8,-6 to < -4
A-5480,-4.4504277175,-8.601080622858518,0.5707069714333612,0.807101539141934,2,4.150652905358518,4.150652905358518,564.232,8.3178,8,8,0,0.0,-6 to < -4
A-5901,-7.484220297999999,-5.623962143136732,0.5696070467570261,1.1212146441440396,3,-1.860258154863267,1.860258154863267,338.48800000000006,5.126000000000005,0,0,15,0.7,< -6
B-3179,-0.0384,-1.945642137391723,0.5669231071160965,1.0621007623843104,3,1.907242137391723,1.907242137391723,131.091,-2.2128,0,0,2,0.0,-2 to < 0
B-998,-0.7418,-1.2096223767343728,0.5641255575170325,1.3276427668037853,4,0.46782237673437277,0.46782237673437277,446.405,-2.884799999999998,3,1,6,0.631578947368421,-2 to < 0
A-2696,-6.8531467823000005,-5.4827834245486,0.5596451551950761,1.105273300886461,3,-1.3703633577514003,1.3703633577514003,356.54700000000025,5.820000000000007,0,0,16,0.9047619047619048,< -6
A-481,-3.8360757577,-5.184685677004088,0.5567235535490428,0.994301141876254,3,1.3486099193040881,1.3486099193040881,438.7890000000002,5.921700000000004,0,0,27,0.925925925925926,-4 to < -2
C-1571,-4.31,-5.753685911485956,0.5549491024184012,0.9673558678961163,3,1.4436859114859564,1.4436859114859564,242.40299999999996,5.162200000000004,0,0,13,0.9333333333333332,-6 to < -4
C-796,-4.66,-5.6444276218346,0.554307957581817,0.7839098313435358,2,0.9844276218346,0.9844276218346,406.56600000000014,5.672800000000006,5,1,3,0.6296296296296297,-6 to < -4
D-2011,-4.933,-5.7501586982574615,0.5511967447306425,0.7795099119339755,2,0.8171586982574617,0.8171586982574617,428.12000000000006,4.3991000000000025,2,2,4,0.2352941176470588,-6 to < -4
A-4826,-3.1851035310999998,-2.777716454102187,0.551169040864573,1.0782915560422826,3,-0.40738707699781296,0.40738707699781296,612.5810000000002,-1.3420000000000003,4,2,10,0.5357142857142857,-4 to < -2
A-2250,-7.016412076799999,-5.91812519029165,0.5510706904663591,1.0405604322031898,3,-1.0982868865083493,1.0982868865083493,311.5540000000001,6.336100000000007,0,0,16,0.95,< -6
A-2438,-6.654998170599999,-5.442467088372904,0.550265696420229,1.0951142493117194,3,-1.2125310822270947,1.2125310822270947,374.5870000000002,5.238800000000006,0,0,16,0.9,< -6
C-2594,-4.7,-3.745752200207761,0.5480448308447392,0.7750524325690988,2,-0.9542477997922392,0.9542477997922392,831.0719999999998,4.085200000000007,4,3,21,0.5555555555555556,-6 to < -4
A-2846,0.45578250740000004,-0.42679122815393866,0.54587733902169,1.3953991469005083,5,0.8825737355539387,0.8825737355539387,209.26699999999997,-2.163199999999996,1,0,4,1.0,0 to < 2
A-192,-5.593122621900001,-3.28522937183009,0.5440313689249212,1.0819870298627232,3,-2.307893250069911,2.307893250069911,313.482,4.6685000000000025,0,0,16,0.8888888888888888,-6 to < -4
B-1401,-1.3662,-2.6270442715932814,0.5438925885891542,1.0803747089291629,3,1.2608442715932813,1.2608442715932813,232.36399999999995,2.472700000000001,0,0,10,1.0,-2 to < 0
A-2751,-7.2023327624,-5.776444275226371,0.5430101725239651,0.7679323504899456,2,-1.425888487173629,1.425888487173629,382.42300000000006,4.464980000000003,5,5,3,0.1739130434782608,< -6
A-2720,-6.971983320700001,-6.562051933443908,0.5424549898427804,0.9896881626956917,3,-0.40993138725609235,0.40993138725609235,468.7630000000004,8.796700000000005,0,0,24,0.9310344827586208,< -6
B-1047,-1.5412,-3.462258370929405,0.5357214320954936,0.9600830088520458,3,1.921058370929405,1.921058370929405,224.23699999999997,3.3743000000000025,0,0,9,1.0,-2 to < 0
B-2294,-1.4995,-3.462258370929405,0.5357214320954936,0.9600830088520458,3,1.9627583709294047,1.9627583709294047,224.23699999999997,3.3743000000000025,0,0,9,1.0,-2 to < 0
B-2577,-1.4757,-3.462258370929405,0.5357214320954936,0.9600830088520458,3,1.9865583709294048,1.9865583709294048,224.237,3.3743000000000025,0,0,9,1.0,-2 to < 0
B-2815,-6.7697,-4.644917778906315,0.5355064111820582,0.9315901986894168,3,-2.1247822210936853,2.1247822210936853,242.44699999999992,5.460000000000006,0,0,14,1.0,< -6
A-2587,-5.549815883300002,-6.27455681972508,0.5337318073175595,1.0579711160945662,3,0.7247409364250785,0.7247409364250785,354.6630000000001,8.580800000000004,0,0,22,1.0,-6 to < -4
E-737,-0.4,-1.2273433385326333,0.5301047555630496,1.1478475657740557,4,0.8273433385326333,0.8273433385326333,114.06,-1.6476000000000002,1,0,0,0.0,-2 to < 0
D-1542,0.723,-0.7409658182701132,0.5299099377006554,1.0598108897248637,3,1.4639658182701132,1.4639658182701132,189.307,-2.327399999999997,0,0,10,1.0,0 to < 2
B-877,0.6033,-0.3118033756503082,0.5278493146746792,0.7464916597022749,2,0.9151033756503082,0.9151033756503082,112.176,-0.3824000000000001,3,0,0,1.0,0 to < 2
A-5814,-8.3771050883,-7.871255864536861,0.5220219185540572,1.0293915021765114,4,-0.5058492237631391,0.5058492237631391,595.7240000000003,9.1211,6,5,8,0.0,< -6
A-2464,-4.7999839607,-6.029599390947047,0.519420163532968,0.9508866123777304,3,1.2296154302470477,1.2296154302470477,296.539,7.060400000000008,0,0,17,0.9,-6 to < -4
B-1832,-3.2987,-3.5027373731473452,0.5191351703856838,0.9455482448088617,3,0.20403737314734505,0.20403737314734505,139.242,3.260580000000002,0,0,6,0.8888888888888888,-4 to < -2
B-2200,-2.3663,-2.4380296516218185,0.5154799354399093,1.004720742097771,3,0.07172965162181866,0.07172965162181866,232.43699999999995,2.403200000000001,0,0,10,1.0,-4 to < -2
A-1958,-5.3792018861,-6.125875188260329,0.5152491986048331,0.7286724046688233,2,0.7466733021603291,0.7466733021603291,452.5470000000003,5.0087000000000055,2,2,12,0.3333333333333333,-6 to < -4
A-1751,-4.2461281993,-3.1307085754176676,0.5145934270691781,1.01538323367076,3,-1.1154196238823326,1.1154196238823326,234.412,3.2250000000000014,0,0,10,1.0,-6 to < -4
A-3447,-0.08776557749999998,-0.5030410907189516,0.5114989214525708,0.8973197664834291,3,0.4152755132189517,0.4152755132189517,685.4150000000006,0.6891999999999994,0,0,24,1.0,-2 to < 0
A-2704,-7.04359803,-6.925836453723741,0.5114195861149001,1.062697768631276,4,-0.11776157627625938,0.11776157627625938,552.8000000000003,7.000600000000008,2,2,6,0.5882352941176471,< -6
A-2262,-6.806908840999999,-4.911004434413555,0.5065754161974402,0.9724102829089842,3,-1.8959044065864443,1.8959044065864443,256.42999999999995,5.552300000000005,0,0,14,0.9375,< -6
G-1031,-3.672,-3.887432242898511,0.5053887074363012,0.7147275643266253,2,0.21543224289851093,0.21543224289851093,226.235,2.4639000000000006,3,2,0,0.0769230769230769,-4 to < -2
E-6,-3.1,-2.3758213928504013,0.5050421502937985,0.7142374585155609,2,-0.7241786071495988,0.7241786071495988,84.162,2.3406,1,0,0,1.0,-4 to < -2
A-193,-5.3651562541,-4.508880241620265,0.5049141265463961,1.0864383525753074,4,-0.8562760124797357,0.8562760124797357,162.276,4.009200000000003,1,0,0,0.5,-6 to < -4
A-2578,-5.539863641299999,-6.1165204838421126,0.5044396628094977,0.9486218297320317,3,0.5766568425421132,0.5766568425421132,346.62800000000004,6.345800000000007,0,0,18,1.0,-6 to < -4
A-2574,-5.711686621799999,-6.179668144941057,0.5028046053216078,0.9204369270660191,3,0.46798152314105756,0.46798152314105756,514.8570000000005,9.428,0,0,28,0.9333333333333332,-6 to < -4
A-2177,-5.923156849500001,-3.7847729767738976,0.49791212570414917,0.7041540810408251,2,-2.138383872726103,2.138383872726103,184.323,3.916000000000003,1,0,9,1.0,-6 to < -4
C-1069,-8.83,-7.260894876191897,0.4962796956883893,1.1776208313363918,4,-1.5691051238081029,1.5691051238081029,300.36,6.919200000000003,7,7,0,0.0,< -6
C-1355,-5.85,-5.486743641134295,0.4961900580322271,0.7017187095838686,2,-0.36325635886570495,0.36325635886570495,352.88699999999994,4.980700000000004,3,1,2,0.5294117647058824,-6 to < -4
B-3247,-5.8487,-5.486743641134295,0.4961900580322271,0.7017187095838686,2,-0.3619563588657053,0.3619563588657053,352.88699999999994,4.980700000000004,3,1,2,0.5294117647058824,-6 to < -4
A-2032,-5.6941064111,-7.362324782869273,0.49578000456661087,0.7011388064114961,2,1.6682183717692727,1.6682183717692727,543.875,6.4737000000000045,2,2,2,0.2,-6 to < -4
A-6056,-7.678196263899999,-7.520877304628695,0.493898733891005,1.2044107626808298,4,-0.15731895927130424,0.15731895927130424,781.6999999999999,9.06908,7,5,8,0.0909090909090909,< -6
A-5497,-5.5309216408,-5.386521096855387,0.49350143318438944,0.9741774655253321,3,-0.144400543944613,0.144400543944613,339.564,5.520900000000006,0,0,17,0.8571428571428571,-6 to < -4
A-1994,-5.420152134400001,-4.854432786587589,0.49032563594625694,0.8622228986456433,3,-0.5657193478124123,0.5657193478124123,402.5720000000002,4.538800000000004,0,0,19,0.9090909090909092,-6 to < -4
A-5997,-7.7171571443,-7.83652797372089,0.4883907355505938,1.0134672209157687,4,0.11937082942089017,0.11937082942089017,500.5280000000002,8.799940000000001,4,4,6,0.1428571428571428,< -6
A-4955,-3.5835100427,-4.609872081532127,0.48796180182575133,0.8992101994897554,3,1.026362038832127,1.026362038832127,241.4629999999999,5.4264000000000046,0,0,14,1.0,-4 to < -2
A-5998,-7.7185099927,-6.352809616338202,0.4878738319142502,0.8933513647101954,3,-1.3657003763617972,1.3657003763617972,418.4080000000002,4.188800000000003,7,5,0,0.0769230769230769,< -6
F-464,-3.11,-2.1397039443119197,0.4835674139384835,0.9648530816727863,3,-0.9702960556880802,0.9702960556880802,231.38,2.0699,0,0,12,1.0,-4 to < -2
C-2249,-7.13,-7.271900407140862,0.4814199156178852,0.6808305738633242,2,0.14190040714086205,0.14190040714086205,354.491,6.495500000000002,2,2,2,0.1428571428571428,< -6
B-4173,-7.8092,-7.271900407140862,0.4814199156178852,0.6808305738633242,2,-0.5372995928591378,0.5372995928591378,354.491,6.495500000000002,2,2,2,0.1428571428571428,< -6
F-471,-2.38,-1.476150936904158,0.4805288361932349,0.8636809236808587,3,-0.9038490630958418,0.9038490630958418,258.343,0.4663999999999998,1,0,6,0.7272727272727273,-4 to < -2
A-2801,-8.85998044,-7.627862999259772,0.4772982261179122,0.9284936615442358,3,-1.232117440740227,1.232117440740227,434.6420000000004,8.793500000000003,0,0,21,1.0,< -6
B-855,-1.4832,-0.6528478035123942,0.4754832818360856,0.8483766420182108,3,-0.8303521964876058,0.8303521964876058,304.259,-3.886999999999999,2,1,3,0.6,-2 to < 0
B-4493,0.6985,0.40354558508123795,0.4754606440633805,0.9172775256813139,3,0.29495441491876206,0.29495441491876206,122.12,-2.3071999999999995,0,0,3,1.0,0 to < 2
B-232,-2.6995,-4.344054945458321,0.47493236369840464,0.9487635572320197,3,1.6445549454583213,1.6445549454583213,250.3189999999999,4.613000000000004,0,0,11,1.0,-4 to < -2
C-1062,-8.17,-8.273779565560268,0.4730781095067141,1.1940418269636055,5,0.10377956556026824,0.10377956556026824,516.8570000000004,9.908299999999995,2,2,4,0.6129032258064516,< -6
A-118,-4.1510889183,-4.135215310957153,0.47224221762992935,1.0523009654186368,4,-0.01587360734284715,0.01587360734284715,338.44400000000013,3.7177000000000016,2,1,13,0.6842105263157895,-6 to < -4
B-145,-1.6695,-1.3201510102384446,0.47159137760646724,0.9285611081153151,3,-0.3493489897615554,0.3493489897615554,560.6930000000002,0.9221000000000046,0,0,23,0.8,-2 to < 0
C-1586,-4.69,-5.119685033552286,0.4681439636453117,0.9226391405429331,3,0.4296850335522855,0.4296850335522855,270.45699999999994,5.9424000000000055,0,0,15,0.9411764705882352,-6 to < -4
A-5540,-8.1508681249,-8.629112743429248,0.4678217811066908,1.0729953698528014,4,0.4782446185292475,0.4782446185292475,863.372,10.448999999999993,7,5,8,0.0,< -6
C-1690,-4.59,-2.682645682592561,0.46633099968503633,0.6594916243095819,2,-1.9073543174074388,1.9073543174074388,252.31399999999996,1.8633,2,0,0,0.7692307692307693,-6 to < -4
A-1099,-4.9587331394,-3.3213882207314236,0.4642199478559068,0.8958253070458326,3,-1.637344918668576,1.637344918668576,346.46400000000017,3.2666000000000013,0,0,17,0.8888888888888888,-6 to < -4
B-1376,-3.1972,-3.3213882207314236,0.4642199478559068,0.8958253070458326,3,0.12418822073142355,0.12418822073142355,346.4640000000001,3.266600000000002,0,0,17,0.8888888888888888,-4 to < -2
A-172,-3.3285834497000004,-2.7972409988958518,0.4619509120994797,0.8109089666660223,3,-0.5313424508041487,0.5313424508041487,240.80299999999997,2.6637000000000013,0,0,9,1.0,-4 to < -2
A-1490,1.5823133383,-0.487803350401436,0.46160591525930533,0.6528093458313552,2,2.070116688701436,2.070116688701436,500.65800000000047,0.7696000000000052,1,0,27,1.0,0 to < 2
A-2537,-5.4600374185,-4.85746906693136,0.46118264741417264,0.6522107547042522,2,-0.6025683515686397,0.6025683515686397,288.428,4.920400000000005,1,0,8,1.0,-6 to < -4
A-6026,-7.9318475776,-5.479428340009328,0.4599589426157076,0.8636292453442689,3,-2.4524192375906724,2.4524192375906724,256.42999999999995,5.106500000000005,0,0,12,0.9375,< -6
B-944,-2.3208,-3.9435722592383193,0.4580393117994232,0.8889721807304802,3,1.6227722592383191,1.6227722592383191,627.9420000000002,2.793100000000001,1,1,4,0.25,-4 to < -2
F-324,-4.0,-3.9082954770265665,0.45530225799155855,0.863978440890977,3,-0.09170452297343346,0.09170452297343346,225.247,2.700420000000001,3,3,0,0.0714285714285714,-4 to < -2
A-383,-3.7183913352,-5.355867488570287,0.454502528566529,0.866655040862045,3,1.637476153370287,1.637476153370287,381.69300000000015,5.942000000000005,0,0,23,0.9166666666666666,-4 to < -2
A-1524,-3.0802067631,-1.3560749707330015,0.4540815801211134,0.6421683290310838,2,-1.7241317923669985,1.7241317923669985,221.32199999999995,1.1865999999999997,1,0,5,1.0,-4 to < -2
B-344,-1.8871,-3.3082058163411396,0.45286398104484726,0.6404463839038952,2,1.4211058163411396,1.4211058163411396,234.38699999999992,2.3451000000000004,4,0,0,1.0,-2 to < 0
E-961,-1.89,-3.3082058163411396,0.45286398104484726,0.6404463839038952,2,1.4182058163411397,1.4182058163411397,234.38699999999997,2.3451000000000004,4,0,0,1.0,-2 to < 0
C-247,-2.25,-3.068654189155946,0.4520548481387275,0.8949600075421662,3,0.818654189155946,0.818654189155946,294.3950000000001,2.2076,4,0,5,0.875,-4 to < -2
B-2397,0.3322,-1.9545003668645105,0.4494964039384654,0.822303685967374,3,2.2867003668645105,2.2867003668645105,355.5750000000001,1.8040000000000005,0,0,18,0.8888888888888888,0 to < 2
F-992,-3.95,-3.1002347294253774,0.4479721093287903,0.6335282325776581,2,-0.8497652705746228,0.8497652705746228,215.216,1.5579999999999996,3,3,3,0.1,-4 to < -2
B-3396,-5.2966,-3.521576335424574,0.44540415852529774,0.6298966017238521,2,-1.7750236645754258,1.7750236645754258,354.3370000000002,1.9281,4,1,2,0.3157894736842105,-6 to < -4
F-742,-4.63,-6.45870433890843,0.4453003722974489,0.6297498258328407,2,1.8287043389084303,1.8287043389084303,390.9580000000002,5.555620000000006,4,3,5,0.28,-6 to < -4
A-6057,-7.777865969999999,-7.106879432801191,0.4438839877696329,1.1567183391664146,5,-0.6709865371988082,0.6709865371988082,599.6060000000003,6.576600000000004,8,6,5,0.0,< -6
A-5118,0.7906283690000001,0.4224979208519935,0.44378901454084824,0.8604205183690472,3,0.3681304481480066,0.3681304481480066,121.136,-2.3391999999999995,0,0,3,1.0,0 to < 2
B-2078,0.2984,-1.4939580762704505,0.44280264508403405,0.626217506132521,2,1.7923580762704505,1.7923580762704505,305.31500000000005,0.0911000000000012,3,0,3,1.0,0 to < 2
A-5812,-8.4626870474,-7.800651634481596,0.4415823537887924,0.9865289983579624,5,-0.662035412918403,0.662035412918403,754.502,10.560879999999996,4,4,11,0.2222222222222222,< -6
A-557,-4.6602344394,-3.1933900226406995,0.44141633446777456,0.8554750265869964,3,-1.4668444167593004,1.4668444167593004,274.40099999999995,2.8037000000000014,0,0,13,0.9333333333333332,-6 to < -4
B-1658,-7.506,-4.441885745318209,0.4412291523463517,0.8272985452109243,3,-3.064114254681791,3.064114254681791,256.4739999999999,5.850100000000007,0,0,15,1.0,< -6
A-2572,-5.708288296799999,-6.147916953570745,0.4411185940450474,0.7747945541119812,3,0.43962865677074614,0.43962865677074614,510.84400000000056,9.967,0,0,27,0.9375,-6 to < -4
A-5660,-6.615390219999999,-6.390594452156972,0.44024978279429594,0.8733236683458134,3,-0.2247957678430268,0.2247957678430268,212.421,5.665200000000006,0,0,9,1.0,< -6
A-2268,-7.516526119400001,-5.213154233521952,0.4400726201083586,0.8255604329867507,3,-2.3033718858780485,2.3033718858780485,328.4930000000001,5.183900000000006,0,0,16,0.8947368421052632,< -6
C-1662,-3.14,-1.6609543161926836,0.4390823537235297,0.8046571039918817,3,-1.4790456838073165,1.4790456838073165,228.317,1.1039,1,0,4,0.7,-4 to < -2
A-5747,-7.9828073074,-8.1693271057582,0.4385303023992928,0.903408791082339,4,0.18651979835819965,0.18651979835819965,336.41500000000013,6.312100000000003,6,6,0,0.0,< -6
F-715,-1.53,-5.009418995550724,0.4382257591138656,0.8750402929143606,3,3.4794189955507235,3.4794189955507235,225.41999999999996,4.613000000000004,1,0,9,1.0,-2 to < 0
A-5326,0.7794395394999999,-0.4159312853920476,0.4379160350518562,0.8641273812544814,3,1.1953708248920476,1.1953708248920476,166.173,-2.290599999999999,0,0,6,1.0,0 to < 2
C-1592,-4.98,-6.013104196078999,0.4373748487887389,0.8581407757768069,3,1.0331041960789982,1.0331041960789982,284.4839999999999,6.332500000000007,0,0,16,0.9444444444444444,-6 to < -4
A-5684,-6.926267992300001,-6.409233836648069,0.4370315861551002,0.6180559963259684,2,-0.517034155651932,0.517034155651932,396.61200000000025,6.312000000000007,1,0,14,0.9166666666666666,< -6
B-2293,-1.8456,-3.742269687962834,0.4366657596477446,0.8678728902603208,3,1.8966696879628342,1.8966696879628342,238.26399999999992,3.764400000000003,0,0,10,1.0,-2 to < 0
A-2776,-7.813287357,-7.966292835808929,0.4360611402367732,0.6166835785467208,2,0.15300547880892879,0.15300547880892879,650.5600000000003,10.643399999999987,6,6,13,0.0,< -6
B-2378,-1.94,-2.6222955085198123,0.43524047035727637,0.9462074975312418,4,0.6822955085198124,0.6822955085198124,696.8310000000002,1.0785000000000022,7,0,7,0.9166666666666666,-2 to < 0
B-1639,-5.5934,-4.765228283597651,0.4307563804967981,0.6091815153773172,2,-0.8281717164023492,0.8281717164023492,213.305,3.919100000000002,3,2,0,0.0769230769230769,-6 to < -4
A-2541,-5.661813631699999,-6.077384426446074,0.4299834363829138,0.8485100798414775,3,0.41557079474607495,0.41557079474607495,459.0010000000002,5.5464000000000055,0,0,10,1.0,-6 to < -4
A-876,-4.8205954965,-4.9523798252603095,0.4294674935583569,0.7899807238932661,3,0.13178432876030932,0.13178432876030932,284.48799999999994,4.910800000000005,0,0,12,0.9411764705882352,-6 to < -4
C-2585,-2.22,-1.761346224629446,0.42873456235372753,0.9692547966709677,4,-0.4586537753705542,0.4586537753705542,772.9449999999998,1.3040000000000052,2,2,22,0.6052631578947368,-4 to < -2
A-5329,1.0404339534,0.6719288300021727,0.4285020016192582,0.8052703112249335,3,0.36850512339782726,0.36850512339782726,91.11,-1.7017,0,0,2,1.0,0 to < 2
A-5115,0.9744271172,0.6719288300021727,0.4285020016192582,0.8052703112249335,3,0.30249828719782723,0.30249828719782723,91.11,-1.7017,0,0,2,1.0,0 to < 2
A-2129,-5.999481603,-5.359012371859276,0.42683723844358673,0.603639011532799,2,-0.6404692311407247,0.6404692311407247,424.4930000000002,4.228500000000004,2,2,12,0.28,-6 to < -4
A-6006,-6.733128222,-5.520103715284685,0.4244757137382494,0.8448598674918149,3,-1.2130245067153158,1.2130245067153158,270.45699999999994,5.639100000000005,0,0,13,0.9411764705882352,< -6
A-5884,-7.563214490099999,-6.173709279801018,0.42214548037821914,0.8419666430195365,3,-1.3895052102989816,1.3895052102989816,460.8770000000001,4.977620000000003,4,3,5,0.0416666666666666,< -6
B-753,-2.1112,-3.7325290152356008,0.42191982785241494,0.8337289764009257,3,1.6213290152356006,1.6213290152356006,258.345,3.653800000000002,0,0,9,1.0,-4 to < -2
B-886,-3.634,-3.0188243002535216,0.42178632300290175,0.8431563862818008,3,-0.6151756997464783,0.6151756997464783,258.3449999999999,3.053600000000001,0,0,9,1.0,-4 to < -2
A-454,-2.7785623319,-4.233758180945824,0.42167211461646636,0.8273821364716327,3,1.4551958490458237,1.4551958490458237,398.47700000000026,4.594400000000005,0,0,21,1.0,-4 to < -2
F-393,-1.97,-2.897316059984196,0.4203091900642118,0.8280375747417956,3,0.9273160599841959,0.9273160599841959,215.234,-0.3742000000000003,1,1,2,0.0,-2 to < 0
B-142,-3.4634,-7.538181180818313,0.4175305096405834,0.5904773094382634,2,4.074781180818313,4.074781180818313,406.907,6.609000000000001,2,2,2,0.0769230769230769,-4 to < -2
B-1425,-8.3339,-6.281185456536559,0.4174592054210219,0.7505040209131781,3,-2.0527145434634413,2.0527145434634413,366.7180000000002,10.388599999999991,0,0,23,1.0,< -6
A-4437,-1.4186392601,-2.2116140607394628,0.4166313543968611,0.7362169342386007,3,0.7929748006394628,0.7929748006394628,330.37700000000007,1.2748,0,0,14,0.625,-2 to < 0
A-5126,0.05334144500000001,0.5042209738411007,0.4144770379182658,0.791882230437125,3,-0.45087952884110066,0.45087952884110066,530.6520000000005,-1.145199999999993,0,0,29,1.0,0 to < 2
A-5993,-8.146786216599999,-7.197297673853673,0.4139344067893883,0.8258446379115973,3,-0.9494885427463258,0.9494885427463258,420.6370000000003,7.749040000000008,4,2,4,0.5862068965517241,< -6
A-5865,-7.814241028500001,-7.6832591887745485,0.4138691467069517,0.9175272599925632,4,-0.13098183972545208,0.13098183972545208,925.8259999999998,8.553480000000006,7,5,14,0.16,< -6
G-1044,-3.043,-3.4910643810602178,0.4135867804935242,0.5849000341921662,2,0.4480643810602176,0.4480643810602176,255.277,2.35452,3,2,0,0.1428571428571428,-4 to < -2
A-5474,-4.3931837232,-7.21470360327629,0.4133565337510264,0.768055947559203,3,2.8215198800762904,2.8215198800762904,494.55400000000026,6.515600000000005,8,6,3,0.125,-6 to < -4
F-1148,-2.39,-1.7247845891850475,0.4127585851512827,0.9187607285648474,4,-0.6652154108149526,0.6652154108149526,226.276,1.1849999999999998,1,0,4,0.7272727272727273,-4 to < -2
B-4593,-2.5743,-1.7247845891850475,0.4127585851512827,0.9187607285648474,4,-0.8495154108149525,0.8495154108149525,226.276,1.1849999999999998,1,0,4,0.7272727272727273,-4 to < -2
B-983,-2.2840000000000003,-0.8152670672367787,0.41270387465214237,0.8857299091191592,4,-1.4687329327632215,1.4687329327632215,173.084,-2.0023,1,0,1,0.25,-4 to < -2
B-3380,-2.6468,-2.8473755966451235,0.4121619024632296,0.824177198978501,3,0.2005755966451237,0.2005755966451237,310.37100000000004,4.561200000000004,0,0,15,1.0,-4 to < -2
A-3690,-0.790860844,-2.002147889117032,0.41184573797322527,0.784903317918761,3,1.211287045117032,1.211287045117032,248.36299999999997,1.8532,0,0,12,1.0,-2 to < 0
B-3279,-4.3005,-4.436840625931073,0.41104117787229205,0.8085629958305294,3,0.13634062593107288,0.13634062593107288,399.5380000000002,3.7698000000000023,1,1,9,0.4705882352941176,-6 to < -4
A-2065,-5.2899699473,-5.234399221760097,0.41040191496802336,0.7990843482134888,3,-0.055570725539903165,0.055570725539903165,181.323,4.430880000000004,0,0,9,0.9166666666666666,-6 to < -4
C-2589,-3.42,-3.272291357124252,0.40941366082616887,0.5789983517611863,2,-0.14770864287574792,0.14770864287574792,762.9529999999999,3.0972000000000035,3,3,20,0.525,-4 to < -2
A-2622,-6.417202563200001,-1.0753990018830892,0.40773136390246406,0.803318716530891,3,-5.341803561316912,5.341803561316912,522.6760000000004,1.9984000000000008,1,0,25,0.9615384615384616,< -6
A-5999,-6.771509906800001,-5.516692758194875,0.40754465734591655,0.7901582277406458,3,-1.2548171486051265,1.2548171486051265,425.4440000000002,3.5328200000000027,6,5,4,0.2,< -6
A-2747,-7.2540426772,-7.665341806442498,0.4070095899808909,0.8092398386825614,3,0.4112991292424981,0.4112991292424981,538.4730000000003,8.086400000000006,4,4,14,0.1428571428571428,< -6
A-2624,-6.378367614400001,-4.009560680401395,0.4060868520542446,0.7463116103913281,3,-2.3688069339986058,2.3688069339986058,358.47500000000014,3.945300000000002,0,0,15,0.8421052631578947,< -6
A-2036,-5.7380720068,-7.946914932500125,0.4059110754789904,0.9282836256119182,4,2.2088429257001243,2.2088429257001243,574.4620000000002,8.9764,5,5,12,0.0,-6 to < -4
C-444,-4.7,-4.045443038815723,0.40583095114046663,0.5739316351336208,2,-0.6545569611842774,0.6545569611842774,287.44699999999995,3.940400000000003,3,1,5,0.6842105263157895,-6 to < -4
D-16,-7.456,-6.29016293512414,0.40578042265361147,0.800687999205083,3,-1.16583706487586,1.16583706487586,198.39399999999995,5.707400000000006,0,0,11,1.0,< -6
D-1756,-3.504,-3.434950434672921,0.4050331796664607,0.9186558967617011,4,-0.06904956532707907,0.06904956532707907,447.0100000000001,2.0107,1,1,4,0.4,-4 to < -2
B-1870,-0.5229,-1.2102934774432008,0.40452143023143083,0.7106529909389164,3,0.6873934774432008,0.6873934774432008,233.352,0.6010999999999993,0,0,9,1.0,-2 to < 0
A-5101,-6.852054029800001,-6.195718238897899,0.40427327070615937,0.7194378889166417,3,-0.6563357909021015,0.6563357909021015,355.65100000000007,7.216200000000008,0,0,21,1.0,< -6
B-382,-3.2386,-3.1891672435137672,0.40421977194133196,0.7705048732437088,3,-0.04943275648623269,0.04943275648623269,346.46400000000006,2.978400000000001,0,0,15,0.8888888888888888,-4 to < -2
B-3750,-5.3293,-4.929906930241937,0.4039437553443753,0.7165711282613199,3,-0.3993930697580632,0.3993930697580632,228.37599999999995,4.772100000000004,0,0,12,0.9285714285714286,-6 to < -4
C-1542,-1.8500000000000003,-2.257895299722239,0.4032957237913348,0.719519047926144,3,0.4078952997222387,0.4078952997222387,151.253,1.9139,4,0,0,1.0,-2 to < 0
A-1873,-3.5452709716000004,-2.9200245929074176,0.4030345271631854,0.7729023159176949,3,-0.6252463786925828,0.6252463786925828,360.4470000000002,2.5276000000000005,0,0,14,0.8333333333333334,-4 to < -2
C-1515,-6.33,-3.750310767278547,0.40124299203144465,0.5674432811380288,2,-2.579689232721453,2.579689232721453,296.332,2.1513400000000003,3,1,0,0.0,< -6
A-1635,-4.1541956574,-1.190035734385316,0.40074672183208454,0.566741449091492,2,-2.964159923014684,2.964159923014684,228.2,-0.5032000000000003,1,0,2,0.6,-6 to < -4
A-2722,-6.8320079078000004,-6.982055334792403,0.39851308643603,0.7072247717453193,3,0.15004742699240214,0.15004742699240214,339.60800000000006,7.293600000000008,0,0,20,0.9545454545454546,< -6
B-896,-3.3187,-2.805580684204365,0.3978640473263662,0.5626647317095981,2,-0.5131193157956351,0.5131193157956351,645.7460000000002,0.6481000000000052,7,1,9,0.7647058823529411,-4 to < -2
C-1523,-6.24,-7.40166942881128,0.39682369879020085,0.561193456700158,2,1.1616694288112797,1.1616694288112797,473.40700000000015,7.489800000000006,5,3,4,0.1111111111111111,< -6
A-2131,-5.9641687617,-7.15017634235673,0.3958704010113087,0.5598452900522686,2,1.1860075806567298,1.1860075806567298,377.53100000000006,7.733800000000007,4,4,6,0.1428571428571428,-6 to < -4
A-953,-3.9550420008999994,-5.413791820353926,0.3946281630114205,0.7689914165930709,3,1.4587498194539266,1.4587498194539266,324.59700000000004,5.962300000000004,0,0,19,0.9047619047619048,-4 to < -2
A-5465,-3.775990335,-6.188244144087117,0.39458502958897085,0.7827437017588883,3,2.4122538090871175,2.4122538090871175,298.5109999999999,6.722600000000007,0,0,17,0.9473684210526316,-4 to < -2
A-2633,-6.327740788400001,-4.148858389049398,0.39408367612885253,0.7671671659565549,3,-2.178882399350603,2.178882399350603,276.493,4.395300000000004,0,0,13,1.0,< -6
B-1196,-5.2838,-5.389914919285823,0.39388853469065765,0.7754296556995044,3,0.1061149192858224,0.1061149192858224,384.4870000000002,5.005300000000004,0,0,12,1.0,-6 to < -4
F-661,-0.33,-0.910168148245527,0.3935879108437027,0.556617361501257,2,0.580168148245527,0.580168148245527,241.33399999999995,0.1980999999999997,1,0,3,1.0,-2 to < 0
A-2318,-8.9978390846,-6.0996265724809975,0.3925175567421341,0.7759835599487444,3,-2.898212512119003,2.898212512119003,298.511,6.420900000000007,0,0,16,0.9473684210526316,< -6
B-996,-0.1739,-0.10140860722574414,0.3918904334022944,0.5542167658817949,2,-0.07249139277425586,0.07249139277425586,164.15699999999998,-2.8054,1,0,0,1.0,-2 to < 0
C-1539,-0.17,-0.10140860722574414,0.3918904334022944,0.5542167658817949,2,-0.06859139277425587,0.06859139277425587,164.15699999999998,-2.8054,1,0,0,1.0,-2 to < 0
A-65,-7.973715535399999,-7.382782397649616,0.3903573626961891,0.7785140173871898,3,-0.5909331377503833,0.5909331377503833,658.8910000000001,9.583999999999996,6,6,8,0.4146341463414634,< -6
A-2421,-3.1367509984,-2.511302004605479,0.38951120014431617,0.733997306112089,3,-0.6254489937945213,0.6254489937945213,342.5240000000001,2.2399000000000004,0,0,16,0.8947368421052632,-4 to < -2
A-1787,-2.5527472821,-2.8330490476063996,0.38939618225121864,0.6803153513496683,3,0.28030176550639974,0.28030176550639974,428.4780000000003,1.7627,0,0,20,0.5714285714285714,-4 to < -2
A-5022,-4.672731896,-8.258095202735548,0.3893300140410286,0.5505957860957302,2,3.585363306735548,3.585363306735548,847.2359999999995,7.777400000000011,4,0,11,0.9166666666666666,-6 to < -4
A-2453,-4.9504317948,-7.256968757892027,0.3891730419002065,0.8984365897344979,5,2.306536963092027,2.306536963092027,713.71,6.146200000000004,8,6,7,0.048780487804878,-6 to < -4
C-2105,-3.1300000000000003,-2.168819261588775,0.38904276628759593,0.7603361045781161,3,-0.9611807384112252,0.9611807384112252,280.24000000000007,1.0727,2,1,5,0.3636363636363636,-4 to < -2
A-2586,-5.384537990399999,-5.1567248578284755,0.3883479017381271,0.7741821181848607,3,-0.2278131325715238,0.2278131325715238,242.403,4.858900000000005,0,0,11,0.9333333333333332,-6 to < -4
F-1169,-2.72,-1.9680758478465536,0.38821620017981334,0.7548513816844471,3,-0.7519241521534465,0.7519241521534465,236.231,-1.2899999999999994,2,0,1,0.3,-4 to < -2
A-2649,-6.4750243489,-5.915870291652641,0.3870160791852184,0.7018586265756568,3,-0.5591540572473592,0.5591540572473592,298.555,6.8763000000000085,0,0,17,1.0,< -6
B-3059,-2.1053,-1.4795649872311367,0.38613465774674915,0.7335686014145397,3,-0.6257350127688635,0.6257350127688635,302.04600000000005,-0.1501999999999999,1,0,2,0.6666666666666666,-4 to < -2
A-3543,-1.5314234319,-0.6044601531702418,0.3844748122197405,0.543729493832006,2,-0.9269632787297581,0.9269632787297581,172.18800000000002,-0.9277999999999988,1,0,1,0.6666666666666666,-2 to < 0
F-247,-1.93,-1.954728894244302,0.3841155108110698,0.7509403706233895,3,0.024728894244302024,0.024728894244302024,348.44000000000017,1.5441999999999996,0,0,15,0.875,-2 to < 0
A-1232,-4.1492593891,-6.00931217354302,0.3838542117073198,0.7066531807229461,3,1.8600527844430204,1.8600527844430204,366.63400000000007,6.091800000000006,0,0,19,0.8695652173913043,-6 to < -4
A-5583,-7.694309659999999,-7.221475181773104,0.38379161339621026,0.7364839690715348,3,-0.47283447822689517,0.47283447822689517,484.77000000000015,6.376220000000003,4,3,4,0.0416666666666666,< -6
A-5980,-9.0249738719,-2.269105694460059,0.3837913468875095,0.8649862358501381,4,-6.755868177439941,6.755868177439941,423.6760000000001,-0.917,3,0,0,1.0,< -6
A-3712,-1.7188473974,-1.3832985132787607,0.3836823191684483,0.5426087394107821,2,-0.3355488841212393,0.3355488841212393,241.295,0.2382000000000007,1,1,1,0.7,-2 to < 0
A-2245,-6.649738160800001,-5.135420918118595,0.3835182054191607,0.7590932083191522,3,-1.5143172426814058,1.5143172426814058,242.40299999999996,4.8605000000000045,0,0,12,0.9333333333333332,< -6
B-862,-6.6277,-7.634174237067827,0.3830170744112117,0.5416679412528005,2,1.0064742370678275,1.0064742370678275,267.331,5.627500000000004,5,5,0,0.0,< -6
B-4614,-2.7063,-1.2756459051314692,0.38275436902362897,0.5412964197307726,2,-1.430654094868531,1.430654094868531,187.634,0.9275,1,1,2,0.5,-4 to < -2
A-5769,-7.188496044500002,-6.9915929367009,0.382229733107445,0.7472249165362363,3,-0.19690310779910192,0.19690310779910192,430.62600000000026,6.706200000000008,0,0,17,0.9166666666666666,< -6
B-1266,-5.756800000000001,-3.8063544030686,0.3819613585102648,0.738967788036565,3,-1.950445596931401,1.950445596931401,114.232,3.2227000000000023,0,0,2,1.0,-6 to < -4
A-2644,-6.3846168146,-4.349103914923075,0.381571844951529,0.7631124276942995,3,-2.0355128996769256,2.0355128996769256,242.44699999999992,5.724000000000006,0,0,14,1.0,< -6
A-2630,-6.3351890163,-6.097721114473678,0.3814649645276241,0.7596492322677566,3,-0.2374679018263226,0.2374679018263226,324.549,6.975500000000008,0,0,16,0.8571428571428571,< -6
F-1124,-2.33,-0.985878536133426,0.3809958242485736,0.5388094618598489,2,-1.344121463866574,1.344121463866574,206.154,0.7142,1,0,4,1.0,-4 to < -2
B-942,-1.945,-2.7248731716285075,0.3791171258200523,0.5361525810626251,2,0.7798731716285074,0.7798731716285074,264.321,1.4703,3,0,0,0.7333333333333333,-2 to < 0
F-1163,-1.95,-2.7248731716285075,0.3791171258200523,0.5361525810626251,2,0.7748731716285076,0.7748731716285076,264.321,1.4703,3,0,0,0.7333333333333333,-2 to < 0
A-5402,-2.7615135856,-2.5180031420337574,0.37872897704807984,0.7453988001847969,3,-0.24351044356624252,0.24351044356624252,271.4009999999999,2.1063999999999994,0,0,13,0.8,-4 to < -2
A-198,-5.731545252999999,-5.0113881981094535,0.37708966478319766,0.6870088989912793,3,-0.7201570548905458,0.7201570548905458,269.473,4.925500000000005,0,0,12,0.9411764705882352,-6 to < -4
B-4430,-9.4728,-8.05925225031311,0.3768077345565538,0.8178351011219798,4,-1.4135477496868898,1.4135477496868898,356.4190000000001,6.851600000000001,3,2,0,0.0,< -6
A-1718,-1.2604846902,-2.465562721804891,0.37648601313000807,0.7352352905434616,3,1.2050780316048912,1.2050780316048912,252.30999999999997,1.6646,4,0,3,0.9285714285714286,-2 to < 0
A-5195,-1.4954230950000003,-1.6854105681811744,0.3763791065067221,0.7130786491321042,3,0.18998747318117415,0.18998747318117415,297.267,-2.631899999999997,4,1,6,0.75,-2 to < 0
A-2283,-2.4688253265,-1.6854105681811744,0.3763791065067221,0.7130786491321042,3,-0.7834147583188258,0.7834147583188258,297.267,-2.631899999999997,4,1,6,0.75,-4 to < -2
C-2595,-3.1300000000000003,-2.980491178721101,0.3758877491405937,0.7018102399045723,3,-0.14950882127889953,0.14950882127889953,805.974,3.327900000000004,3,3,21,0.5,-4 to < -2
A-5977,-8.1939864578,-4.886965060327942,0.37570001970149686,0.7509139888020195,3,-3.3070213974720577,3.3070213974720577,284.484,5.886700000000007,0,0,14,0.9444444444444444,< -6
F-691,-3.09,-5.276594951109076,0.37568925726242797,0.5313048428584004,2,2.1865949511090763,2.1865949511090763,287.4060000000001,4.697900000000004,4,2,0,0.238095238095238,-4 to < -2
C-151,-2.39,-1.3271080127157067,0.3753752590821268,0.7810392208687966,4,-1.0628919872842935,1.0628919872842935,212.249,0.7948999999999999,1,0,3,0.7,-4 to < -2
A-2287,-7.328114460200001,-7.119894132209251,0.37526478821114,0.691571984484673,3,-0.20822032799074996,0.20822032799074996,340.59200000000004,7.892900000000008,0,0,20,0.9545454545454546,< -6
A-1440,-4.688326948,-3.513474721708145,0.37356219488282344,0.7187106875653146,3,-1.1748522262918555,1.1748522262918555,112.216,2.9987000000000013,0,0,1,0.75,-6 to < -4
C-1499,-10.1,-8.389979491473918,0.37292897981388623,0.989230884294412,6,-1.7100205085260818,1.7100205085260818,445.7710000000001,8.7061,2,2,2,0.0,< -6
C-2427,-10.1,-8.389979491473918,0.37292897981388623,0.989230884294412,6,-1.7100205085260818,1.7100205085260818,445.771,8.7061,2,2,2,0.0,< -6
C-1500,-10.6,-8.389979491473918,0.37292897981388623,0.989230884294412,6,-2.210020508526082,2.210020508526082,445.771,8.7061,2,2,2,0.0,< -6
C-1501,-10.1,-8.389979491473918,0.37292897981388623,0.989230884294412,6,-1.7100205085260818,1.7100205085260818,445.7710000000001,8.7061,2,2,2,0.0,< -6
C-1646,-2.98,-1.6090235174862775,0.372565911838015,0.5268877653992197,2,-1.3709764825137225,1.3709764825137225,210.233,0.6929999999999998,2,0,0,0.7,-4 to < -2
A-2773,-7.8041135239,-7.280832884246465,0.37164068630918473,0.730444431866629,3,-0.5232806396535352,0.5232806396535352,636.9620000000002,8.646000000000008,2,2,13,0.65,< -6
A-4484,0.0901312493,-0.017545724218435105,0.37131071642948205,0.6772347696626768,3,0.1076769735184351,0.1076769735184351,86.134,1.0428,1,0,0,1.0,0 to < 2
B-1256,-5.1591,-3.813278542807014,0.3704078192782086,0.7181953688213243,3,-1.3458214571929856,1.3458214571929856,114.232,3.2227000000000023,0,0,4,1.0,-6 to < -4
G-238,-5.08,-3.813278542807014,0.3704078192782086,0.7181953688213243,3,-1.2667214571929861,1.2667214571929861,114.232,3.2227000000000023,0,0,4,1.0,-6 to < -4
A-5702,-5.8571242399,-5.6319563927282745,0.369737828955118,0.6987182657461011,3,-0.22516784717172555,0.22516784717172555,283.5439999999999,6.5967000000000064,0,0,17,1.0,-6 to < -4
A-5335,0.6492617384,-0.8235172044444976,0.3693305806688847,0.6525819921115605,3,1.4727789428444975,1.4727789428444975,224.253,-1.6182999999999987,0,0,11,1.0,0 to < 2
A-39,-4.6341446203,-3.8096155950573256,0.36872539981349695,0.6896781135724321,3,-0.8245290252426742,0.8245290252426742,258.402,3.831300000000003,0,0,12,0.9333333333333332,-6 to < -4
B-979,0.0119,-1.18237130005752,0.3682313699541529,0.5207577974803876,2,1.19427130005752,1.19427130005752,346.33200000000005,-2.8014999999999985,3,0,4,0.7333333333333333,0 to < 2
B-621,-1.561,-0.9042933851298072,0.3670266454697725,0.7099702376469315,3,-0.6567066148701928,0.6567066148701928,240.16799999999995,-0.5638000000000001,0,0,11,1.0,-2 to < 0
A-3195,-1.4062217243,-3.3227852387580525,0.3668970333927407,0.6579336516489098,3,1.9165635144580526,1.9165635144580526,218.11999999999995,-0.5045999999999998,3,3,0,0.0,-2 to < 0
B-1013,-1.7565,-0.9161815347186,0.36431966001893845,0.8085876522678945,4,-0.8403184652814,0.8403184652814,110.156,1.3755,2,0,0,0.8571428571428571,-2 to < 0
A-5057,-4.7086538251,-6.307284020265054,0.36422173457169654,0.6665192844013577,3,1.598630195165054,1.598630195165054,296.539,6.362500000000008,0,0,13,0.9,-6 to < -4
A-5700,-4.8617411072,-6.307284020265054,0.36422173457169654,0.6665192844013577,3,1.4455429130650534,1.4455429130650534,296.539,6.364100000000008,0,0,13,0.9,-6 to < -4
B-2536,-0.5911,-1.9664413520974107,0.36396959045321214,0.6460199811634586,3,1.3753413520974107,1.3753413520974107,390.3850000000001,-2.1507999999999976,3,0,4,0.8235294117647058,-2 to < 0
A-1196,-3.9093070504999994,-4.13516195292834,0.36387116772321865,0.7254601570079195,3,0.2258549024283405,0.2258549024283405,227.392,3.9955000000000034,0,0,10,0.9285714285714286,-4 to < -2
A-2673,-6.8410879515,-6.124423295381526,0.36373993126349125,0.7255487178532585,3,-0.716664656118474,0.716664656118474,554.8530000000005,9.264200000000002,0,0,28,0.9090909090909092,< -6
A-5824,-6.0559466089,-4.574479123410906,0.3635150563177636,0.6957186046959754,3,-1.4814674854890946,1.4814674854890946,226.36,4.102300000000003,0,0,9,0.7857142857142857,< -6
A-1097,-4.458990177,-3.52227458958651,0.36337023529675294,0.7001658435594549,3,-0.9367155874134903,0.9367155874134903,112.216,2.9987000000000013,0,0,4,0.75,-6 to < -4
A-4325,-1.1028619258,-1.193382297392899,0.36276117434109273,0.5130217726555641,2,0.09052037159289883,0.09052037159289883,200.238,0.5108999999999999,1,0,3,0.7777777777777778,-2 to < 0
F-724,-2.24,-5.194121740313094,0.362704440813319,0.6948243148028137,3,2.954121740313094,2.954121740313094,312.586,5.090400000000005,0,0,11,1.0,-4 to < -2
F-478,-3.09,-1.5295117278966177,0.3625770290981051,0.7159767373747039,3,-1.5604882721033821,1.5604882721033821,272.37000000000006,0.7123999999999999,1,0,6,0.75,-4 to < -2
F-479,-3.14,-1.5295117278966177,0.3625770290981051,0.7159767373747039,3,-1.6104882721033824,1.6104882721033824,272.37000000000006,0.7123999999999999,1,0,6,0.75,-4 to < -2
B-160,-3.2859,-2.1257960327106242,0.362431360558799,0.6521004776548633,3,-1.1601039672893756,1.1601039672893756,289.7440000000001,0.8788,2,1,2,0.3,-4 to < -2
D-1540,0.835,-0.5337743316241336,0.3621433947636484,0.7242150989402629,3,1.3687743316241336,1.3687743316241336,146.238,-1.916999999999998,0,0,7,1.0,0 to < 2
A-5746,-8.2698850372,-7.565949778044722,0.3620334075880347,0.7327370800811757,4,-0.7039352591552781,0.7039352591552781,651.5580000000001,9.027240000000004,6,4,7,0.1764705882352941,< -6
A-3905,-1.5592150485,-1.5420143999076765,0.36145607220749304,0.5111760795179454,2,-0.01720064859232351,0.01720064859232351,126.12300000000002,-1.3818,1,1,0,0.0,-2 to < 0
A-5423,-5.982567027000001,-3.708828104595549,0.36102244020753615,0.6940068025954629,3,-2.2737389224044517,2.2737389224044517,330.46500000000015,3.6221000000000014,0,0,14,0.8888888888888888,-6 to < -4
C-1855,0.3,-0.026960241193257,0.36072989571359315,0.6299432749706975,3,0.326960241193257,0.326960241193257,504.4380000000001,-7.571399999999989,3,0,8,1.0,0 to < 2
B-1046,-0.39620000000000005,-0.026960241193257,0.36072989571359315,0.6299432749706975,3,-0.36923975880674303,0.36923975880674303,504.4380000000001,-7.571399999999989,3,0,8,1.0,-2 to < 0
B-1151,-8.4007,-6.979271588071888,0.360540639358317,0.7115182555020159,3,-1.4214284119281126,1.4214284119281126,226.44799999999992,6.487600000000007,0,0,13,1.0,< -6
A-189,-5.676541808600001,-5.3941118737413545,0.3591202558355384,0.7085374092418197,3,-0.2824299348586461,0.2824299348586461,474.8340000000004,5.244800000000006,0,0,21,1.0,-6 to < -4
A-863,-4.9450169862,-5.999378707361508,0.3582796205715171,0.506683898534126,2,1.0543617211615084,1.0543617211615084,422.9200000000001,4.266800000000004,4,4,8,0.2727272727272727,-6 to < -4
G-346,-2.58,-2.915314379945666,0.35725266852184434,0.7137218252223763,3,0.33531437994566593,0.33531437994566593,142.242,2.935900000000001,0,0,6,0.8888888888888888,-4 to < -2
A-1600,-2.9303113788999995,-2.915314379945666,0.35725266852184434,0.7137218252223763,3,-0.014996998954333485,0.014996998954333485,142.242,2.935900000000002,0,0,6,0.8888888888888888,-4 to < -2
C-231,-3.6,-1.9956314033415552,0.35711658957032505,0.6319859430869885,3,-1.604368596658445,1.604368596658445,242.344,1.3499,1,0,4,0.7272727272727273,-4 to < -2
C-1853,-5.28,-5.396359588405329,0.3567690916331038,0.5045476880230648,2,0.116359588405329,0.116359588405329,344.4950000000001,4.840100000000005,4,0,1,0.8181818181818182,-6 to < -4
F-446,-2.17,-1.2276725716459407,0.3564930792256623,0.6662142546873381,3,-0.9423274283540592,0.9423274283540592,244.316,0.0762999999999999,1,0,5,0.7,-4 to < -2
C-154,-2.77,-1.2890182711581724,0.3554279371092934,0.7467872997790643,4,-1.4809817288418277,1.4809817288418277,212.249,0.6507999999999999,1,0,2,0.7,-4 to < -2
B-2035,-0.121,-0.29791621852563194,0.35516036472205487,0.635182561913771,3,0.17691621852563194,0.17691621852563194,132.123,-2.6437,0,0,2,0.3333333333333333,-2 to < 0
C-1680,-1.6000000000000003,-2.951346146483191,0.35435222536110084,0.6869258259441713,3,1.3513461464831906,1.3513461464831906,280.36800000000005,2.1191999999999998,4,0,5,0.8666666666666667,-2 to < 0
I-62,-3.09,-2.796723590061125,0.35381040193038105,0.8023430760432517,4,-0.29327640993887494,0.29327640993887494,460.43900000000014,-1.4001999999999992,4,1,2,0.4090909090909091,-4 to < -2
B-2009,-5.124099999999999,-4.460361399457619,0.35378610150091705,0.9440542515216186,6,-0.6637386005423807,0.6637386005423807,399.23,3.511700000000002,2,2,8,0.2352941176470588,-6 to < -4
A-61,-1.445031941,-1.0767683967843438,0.3537281441506305,0.5002471388508868,2,-0.3682635442156563,0.3682635442156563,128.17100000000002,1.6513,1,0,1,0.8571428571428571,-2 to < 0
A-5602,-7.806077004,-6.836629202397639,0.3537220878202505,0.6602543362055009,3,-0.9694478016023602,0.9694478016023602,556.6680000000002,5.728300000000002,1,1,3,0.1,< -6
F-573,-0.66,-1.4570026959887945,0.35335340322881126,0.49971717515687386,2,0.7970026959887945,0.7970026959887945,213.32499999999996,1.1798999999999995,1,0,4,0.9090909090909092,-2 to < 0
A-2582,-5.4750243489,-6.001256076648491,0.35310091723468806,0.6124982531560166,3,0.5262317277484909,0.5262317277484909,298.55499999999995,7.020400000000008,0,0,18,1.0,-6 to < -4
B-3290,-3.1711000000000005,-3.9851225774632035,0.35308641512608135,0.672644755393462,3,0.8140225774632031,0.8140225774632031,222.41899999999995,3.7637000000000023,0,0,9,1.0,-4 to < -2
A-2636,-6.5170402935,-5.78188570207379,0.35303677699002656,0.6528472765717064,3,-0.7351545914262099,0.7351545914262099,368.3480000000001,4.023400000000002,5,5,2,0.0,< -6
F-375,-2.62,-1.230018882377321,0.3530289857059284,0.6662512867923627,3,-1.389981117622679,1.389981117622679,244.316,-0.0677999999999999,1,0,4,0.7,-4 to < -2
A-2049,-5.8357203688,-7.541073829178749,0.3528673365454228,0.6487094025808391,3,1.705353460378749,1.705353460378749,685.047,9.095500000000005,3,1,9,0.8095238095238095,-6 to < -4
B-2496,-2.2088,-1.2512210804261974,0.3520708081495599,0.8007262145588017,4,-0.9575789195738027,0.9575789195738027,249.064,0.1421,1,0,1,0.5714285714285714,-4 to < -2
B-4487,-2.9565,-2.240265780207811,0.3502906847549059,0.642509051012105,3,-0.7162342197921889,0.7162342197921889,310.3350000000001,0.8768,2,2,5,0.1666666666666666,-4 to < -2
C-2580,-5.27,-4.4967983946196135,0.34956807395474343,0.8612000953575052,5,-0.7732016053803861,0.7732016053803861,611.7430000000004,2.7172,8,3,5,0.5142857142857142,-6 to < -4
A-2635,-6.7352071916,-6.394699196291256,0.34954849835179047,0.6929371564803928,3,-0.34050799530874354,0.34050799530874354,625.0360000000002,9.6834,0,0,35,0.9473684210526316,< -6
B-2814,-0.5781,-4.961191816312575,0.34950623313420814,0.6989929706208367,3,4.383091816312575,4.383091816312575,378.531,4.906400000000003,0,0,17,0.8333333333333334,-2 to < 0
B-2753,-0.5781,-4.961191816312575,0.34950623313420814,0.6989929706208367,3,4.383091816312575,4.383091816312575,378.531,4.906400000000003,0,0,17,0.8333333333333334,-2 to < 0
A-2740,-7.2923086931,-7.31051156120436,0.34918407475448915,0.833082954592963,5,0.018202868104360448,0.018202868104360448,784.095,9.218400000000004,4,4,6,0.5625,< -6
A-4756,-2.8923562141,-5.7712251444954035,0.3489989508712168,0.677586532315658,3,2.8788689303954036,2.8788689303954036,468.282,4.993400000000002,0,0,10,1.0,-4 to < -2
B-3527,-4.5296,-3.9049884819207588,0.3487664440798883,0.8529050767187254,4,-0.6246115180792415,0.6246115180792415,416.3590000000001,1.8945,5,3,3,0.25,-6 to < -4
C-2554,-4.53,-3.9049884819207588,0.3487664440798883,0.8529050767187254,4,-0.6250115180792415,0.6250115180792415,416.3590000000001,1.8945,5,3,3,0.25,-6 to < -4
B-3861,-3.9957,-3.6592203270105252,0.3485758353411369,0.6966144396267206,3,-0.33647967298947457,0.33647967298947457,134.65,3.1956000000000016,0,0,5,1.0,-4 to < -2
E-333,-1.84,-2.1253416437482677,0.34694330370081994,0.618732625233378,3,0.28534164374826765,0.28534164374826765,346.379,1.0270999999999997,5,0,1,0.6842105263157895,-2 to < 0
B-3722,-1.8406,-2.1253416437482677,0.34694330370081994,0.618732625233378,3,0.2847416437482677,0.2847416437482677,346.3790000000001,1.0270999999999997,5,0,1,0.6842105263157895,-2 to < 0
A-5959,-9.2920103659,-7.58494505403336,0.3457299162397324,0.7548866257290552,5,-1.7070653118666392,1.7070653118666392,685.6120000000001,9.254080000000002,4,4,11,0.2222222222222222,< -6
A-1881,-3.1487064763000006,-2.923430840053385,0.34482259508488333,0.6893724448992193,3,-0.22527563624661573,0.22527563624661573,142.242,2.935900000000001,0,0,7,0.8888888888888888,-4 to < -2
F-221,-3.39,-3.009665706990465,0.34437365836989253,0.6883200192226013,3,-0.38033429300953525,0.38033429300953525,244.331,2.841700000000001,0,0,9,0.8461538461538461,-4 to < -2
A-4093,-1.076302279,-0.8161772830401978,0.3437322094360075,0.6510193672462916,3,-0.2601249959598023,0.2601249959598023,250.33499999999992,-0.2350000000000002,0,0,10,1.0,-2 to < 0
A-5930,-8.6670954079,-6.518537569713167,0.3434383812533753,0.6262766606404799,3,-2.148557838186833,2.148557838186833,696.926,6.172000000000007,2,2,12,0.6,< -6
B-2757,-1.1494,-0.5171441737967558,0.34181158831103087,0.6042365702753741,3,-0.6322558262032442,0.6322558262032442,148.11799999999997,-2.755500000000001,0,0,3,0.5,-2 to < 0
A-2597,-5.7481975718,-4.382118954760845,0.34171430206629355,0.4832570004390089,2,-1.3660786170391548,1.3660786170391548,364.008,3.6628000000000025,1,0,2,1.0,-6 to < -4
E-773,-0.83,-2.2162634407260806,0.34104132078194394,0.6246241528401155,3,1.3862634407260805,1.3862634407260805,162.27899999999997,1.7553,0,0,5,0.3333333333333333,-2 to < 0
A-2552,-5.4353234735,-4.313549862879028,0.3403041979878121,0.6505929531399697,3,-1.1217736106209717,1.1217736106209717,272.473,5.409900000000006,0,0,14,1.0,-6 to < -4
F-1110,-1.5,-2.514157334750482,0.34029410411586564,0.6805575131563519,3,1.014157334750482,1.014157334750482,229.32,2.1838,0,0,9,0.8333333333333334,-2 to < 0
A-542,-4.788985440799999,-6.794313206822475,0.340217840685303,0.6714945232723162,3,2.005327766022476,2.005327766022476,393.7000000000002,8.452700000000007,0,0,21,0.8846153846153846,-6 to < -4
A-3955,-0.7139217719,-1.2427565271840586,0.3378328445028599,0.47776779051102536,2,0.5288347552840587,0.5288347552840587,152.14899999999997,0.6521999999999999,2,0,0,0.5,-2 to < 0
A-1942,-4.5666142382,-6.471093081801473,0.3377309388313842,0.6558839244671937,3,1.9044788436014732,1.9044788436014732,368.6500000000001,6.315800000000007,0,0,20,0.9565217391304348,-6 to < -4
C-177,-2.3,-3.3464472520557216,0.3374179777786335,0.4771810803630472,2,1.0464472520557218,1.0464472520557218,298.4270000000001,3.1319000000000017,1,0,9,0.875,-4 to < -2
C-1650,-2.7999999999999994,-1.3331352267332746,0.3372890931659378,0.6057196824913891,3,-1.4668647732667248,1.4668647732667248,214.29,0.7138000000000001,1,0,3,0.6666666666666666,-4 to < -2
C-173,-5.23,-3.73813586840906,0.3365553128898824,0.654663979133618,3,-1.4918641315909404,1.4918641315909404,162.27599999999998,3.5371200000000025,1,1,0,0.5,-6 to < -4
A-220,-8.1852587653,-6.995339611053652,0.33634662840294227,0.4756659635459046,2,-1.1899191542463488,1.1899191542463488,765.9999999999998,10.377099999999992,4,4,21,0.4545454545454545,< -6
B-1435,-1.0277,-3.3412674587582565,0.33613412511781987,0.739698580391138,5,2.313567458758256,2.313567458758256,213.192,1.9984,3,1,0,0.0,-2 to < 0
A-5552,-7.602120788300001,-6.412796141707016,0.33373613798346186,0.47197417259023045,2,-1.1893246465929845,1.1893246465929845,400.0559999999999,5.082400000000002,1,0,0,1.0,< -6
F-1120,-0.62,-0.3716726240340006,0.3335157881531659,0.7616983113034922,4,-0.2483273759659994,0.2483273759659994,176.16799999999998,-0.9068999999999996,2,0,1,1.0,-2 to < 0
B-3022,-1.6365,-2.130259911026235,0.3326650199076373,0.4704593828804964,2,0.49375991102623495,0.49375991102623495,173.21499999999995,1.5219,3,1,0,0.3636363636363636,-2 to < 0
B-1506,-1.0831,-1.4052434593179894,0.33243710114265745,0.47013705707194253,2,0.3221434593179895,0.3221434593179895,139.242,1.9286,2,0,0,1.0,-2 to < 0
C-633,-2.3,-2.2693318950741364,0.33203493652019034,0.6544374935214614,3,-0.03066810492586347,0.03066810492586347,252.18599999999992,0.4219,2,1,4,0.2222222222222222,-4 to < -2
C-2195,-2.26,-2.1623874006968458,0.3318554080457325,0.6413108015949844,3,-0.09761259930315402,0.09761259930315402,329.4220000000001,0.4633000000000009,3,0,4,0.7857142857142857,-4 to < -2
A-6094,-9.2047594175,-6.052259174469896,0.33146208316152376,0.5905792948976174,3,-3.1525002430301043,3.1525002430301043,640.9430000000001,9.011200000000004,0,0,28,0.8918918918918919,< -6
A-5625,-7.7579945848,-5.477068031555599,0.33105903893641203,0.7974511749533324,4,-2.2809265532444005,2.2809265532444005,412.4080000000001,4.344000000000003,8,8,0,0.0,< -6
A-3091,-0.5000132962,-0.561516364474279,0.3307054966937056,0.6592129368077367,3,0.06150306827427898,0.06150306827427898,302.323,0.4945999999999999,0,0,14,0.5714285714285714,-2 to < 0
G-515,-4.3,-3.2435550921449106,0.3295836366631384,0.46610164890525674,2,-1.0564449078550893,1.0564449078550893,112.216,2.832600000000001,1,0,0,1.0,-6 to < -4
B-1818,-4.2719,-3.2435550921449106,0.3295836366631384,0.46610164890525674,2,-1.028344907855089,1.028344907855089,112.216,2.832600000000001,1,0,0,1.0,-6 to < -4
B-2270,-4.3341,-3.2435550921449106,0.3295836366631384,0.46610164890525674,2,-1.0905449078550897,1.0905449078550897,112.216,2.832600000000001,1,0,0,1.0,-6 to < -4
B-1258,-4.4657,-3.2435550921449106,0.3295836366631384,0.46610164890525674,2,-1.2221449078550894,1.2221449078550894,112.216,2.832600000000001,1,0,0,1.0,-6 to < -4
B-2190,-2.8126,-4.073172400891432,0.3293032618528396,0.7140968411957505,4,1.2605724008914314,1.2605724008914314,452.6400000000004,2.706400000000001,1,0,0,0.8333333333333334,-4 to < -2
