repetition,seed,n_train,n_test,n_train_scaffolds,n_test_scaffolds,baseline_test_rmse,feature,native_importance,native_rank,permutation_importance,permutation_importance_sd,permutation_rank
1,100,6912,1731,1065,602,1.163561876000113,rdkit_molwt,0.07972485701235905,2,0.1707052573045082,0.007096185988173613,2
1,100,6912,1731,1065,602,1.163561876000113,rdkit_mollogp,0.8476616111802258,1,1.6315146291724112,0.03739908510309912,1
1,100,6912,1731,1065,602,1.163561876000113,rdkit_ring_count,0.021602091270740895,4,0.013252903194062315,0.0046524535766585,5
1,100,6912,1731,1065,602,1.163561876000113,rdkit_aromatic_rings,0.02002764041672022,5,0.007066203244179436,0.003251779726294936,6
1,100,6912,1731,1065,602,1.163561876000113,rdkit_rotatable_bonds,0.009203168880081243,6,0.058030510286026925,0.00978381091266729,4
1,100,6912,1731,1065,602,1.163561876000113,rdkit_fraction_csp3,0.021780631239872606,3,0.07380660324295667,0.005981844586321819,3
2,101,6813,1830,1145,522,1.1769695161119975,rdkit_molwt,0.06706536781335033,2,0.2191880546528912,0.010774238234401571,2
2,101,6813,1830,1145,522,1.1769695161119975,rdkit_mollogp,0.8524851065353525,1,1.441845125074749,0.029333859858746435,1
2,101,6813,1830,1145,522,1.1769695161119975,rdkit_ring_count,0.020257448036164947,5,0.029001814279581418,0.003263405228513571,4
2,101,6813,1830,1145,522,1.1769695161119975,rdkit_aromatic_rings,0.030521722633729917,3,0.01700049332097553,0.00273887454827608,6
2,101,6813,1830,1145,522,1.1769695161119975,rdkit_rotatable_bonds,0.008027200269139851,6,0.028093676353919884,0.004342208357804255,5
2,101,6813,1830,1145,522,1.1769695161119975,rdkit_fraction_csp3,0.021643154712262615,4,0.053189078653367215,0.005620838360654672,3
3,102,6103,2540,1344,323,0.9740609702865529,rdkit_molwt,0.08052111077235947,2,0.176519909980156,0.010827356995802116,2
3,102,6103,2540,1344,323,0.9740609702865529,rdkit_mollogp,0.8294419370038397,1,1.4113737654743865,0.026655721798314522,1
3,102,6103,2540,1344,323,0.9740609702865529,rdkit_ring_count,0.04517394472081418,3,0.03396304679031612,0.0022873686114165785,4
3,102,6103,2540,1344,323,0.9740609702865529,rdkit_aromatic_rings,0.0018927246266543507,6,0.0017358626790503595,0.0003745842913505769,6
3,102,6103,2540,1344,323,0.9740609702865529,rdkit_rotatable_bonds,0.013596538504218127,5,0.012817990221969389,0.0042043071939906335,5
3,102,6103,2540,1344,323,0.9740609702865529,rdkit_fraction_csp3,0.029373744372114024,4,0.04438400378454051,0.004116377030043878,3
4,103,6914,1729,1102,565,1.130517578038321,rdkit_molwt,0.07436485991099588,2,0.16546929369426108,0.011494778544284193,2
4,103,6914,1729,1102,565,1.130517578038321,rdkit_mollogp,0.8451868706101954,1,1.487204900241283,0.015651782496347195,1
4,103,6914,1729,1102,565,1.130517578038321,rdkit_ring_count,0.01875382734032856,5,0.011631075964413951,0.0027148479797251524,5
4,103,6914,1729,1102,565,1.130517578038321,rdkit_aromatic_rings,0.02833202623174401,3,0.0004950886133190169,0.005118384713538402,6
4,103,6914,1729,1102,565,1.130517578038321,rdkit_rotatable_bonds,0.010882089064637245,6,0.024966832486127122,0.004728014102268467,4
4,103,6914,1729,1102,565,1.130517578038321,rdkit_fraction_csp3,0.02248032684209889,4,0.06392962269483052,0.005129257908843924,3
5,104,6912,1731,1045,622,1.1478485239240512,rdkit_molwt,0.08950410712455019,2,0.16239039907041247,0.009506105902752419,2
5,104,6912,1731,1045,622,1.1478485239240512,rdkit_mollogp,0.8434819045721473,1,1.5873700387503669,0.029780385545008548,1
5,104,6912,1731,1045,622,1.1478485239240512,rdkit_ring_count,0.0157671174055583,5,0.009790688101662216,0.001994748229560944,6
5,104,6912,1731,1045,622,1.1478485239240512,rdkit_aromatic_rings,0.01924609568663603,4,0.021423275446471757,0.004331402182104309,5
5,104,6912,1731,1045,622,1.1478485239240512,rdkit_rotatable_bonds,0.0065811460638947675,6,0.023094999875263846,0.003863058911044255,4
5,104,6912,1731,1045,622,1.1478485239240512,rdkit_fraction_csp3,0.02541962914721341,3,0.0633217292963009,0.002561328077747178,3
6,105,5655,2988,1359,308,1.1564773059722342,rdkit_molwt,0.07864419646702439,2,0.320963010000093,0.011228826167739497,2
6,105,5655,2988,1359,308,1.1564773059722342,rdkit_mollogp,0.8580902568898896,1,1.7820635360046606,0.025831302263713277,1
6,105,5655,2988,1359,308,1.1564773059722342,rdkit_ring_count,0.012527133153006163,6,0.004555215688617253,0.001127614812728748,6
6,105,5655,2988,1359,308,1.1564773059722342,rdkit_aromatic_rings,0.01791426846416451,4,0.014788505841552868,0.0033372597772824654,5
6,105,5655,2988,1359,308,1.1564773059722342,rdkit_rotatable_bonds,0.013022919126997646,5,0.06426974639028449,0.007312907310013422,3
6,105,5655,2988,1359,308,1.1564773059722342,rdkit_fraction_csp3,0.019801225898917713,3,0.05275263987802219,0.003819333138239502,4
7,106,6769,1874,1562,105,0.9424741092925367,rdkit_molwt,0.08195631477131059,2,0.18443264983095004,0.0061642294833829285,2
7,106,6769,1874,1562,105,0.9424741092925367,rdkit_mollogp,0.8375846853333194,1,1.039058629295638,0.03173411696588909,1
7,106,6769,1874,1562,105,0.9424741092925367,rdkit_ring_count,0.03284425243969334,3,0.018884764563185764,0.002296067609812809,5
7,106,6769,1874,1562,105,0.9424741092925367,rdkit_aromatic_rings,0.009572855516569837,6,-0.0024932217750142983,0.0006416808077379545,6
7,106,6769,1874,1562,105,0.9424741092925367,rdkit_rotatable_bonds,0.010648422219280784,5,0.019261491262959583,0.005584630341397806,4
7,106,6769,1874,1562,105,0.9424741092925367,rdkit_fraction_csp3,0.027393469719826032,4,0.022331086059698357,0.003916664183734544,3
8,107,6239,2404,1621,46,1.1468656640255992,rdkit_molwt,0.08958491830063194,2,0.25629833907748945,0.012674904580958565,2
8,107,6239,2404,1621,46,1.1468656640255992,rdkit_mollogp,0.8502239260228808,1,1.7147203128419748,0.026475351208770755,1
8,107,6239,2404,1621,46,1.1468656640255992,rdkit_ring_count,0.01503238693395359,4,0.0006147304513337781,0.0012654149513300038,5
8,107,6239,2404,1621,46,1.1468656640255992,rdkit_aromatic_rings,0.007949127073437551,6,-0.0006886039049985194,0.001167539892984027,6
8,107,6239,2404,1621,46,1.1468656640255992,rdkit_rotatable_bonds,0.010762879664829101,5,0.05204655678263272,0.006662801705712029,3
8,107,6239,2404,1621,46,1.1468656640255992,rdkit_fraction_csp3,0.026446762004266933,3,0.04933757052451406,0.00452368825019682,4
9,108,4730,3913,1037,630,1.176678688005699,rdkit_molwt,0.08358779868266986,2,0.2901896915619207,0.00797974400914463,2
9,108,4730,3913,1037,630,1.176678688005699,rdkit_mollogp,0.8466710387169945,1,1.753431860970079,0.02340322979326415,1
9,108,4730,3913,1037,630,1.176678688005699,rdkit_ring_count,0.023789743591992263,4,0.061256525019832475,0.0057485905776224035,4
9,108,4730,3913,1037,630,1.176678688005699,rdkit_aromatic_rings,0.00850210790983076,6,0.0036011177649852176,0.0009694303389570701,6
9,108,4730,3913,1037,630,1.176678688005699,rdkit_rotatable_bonds,0.010816487538029015,5,0.060799920158025086,0.0030093982665861923,5
9,108,4730,3913,1037,630,1.176678688005699,rdkit_fraction_csp3,0.02663282356048367,3,0.06688576070868613,0.004061795391361367,3
10,109,6511,2132,1504,163,0.9679358542230835,rdkit_molwt,0.08720016922589384,2,0.1509802250195007,0.006374151778073359,2
10,109,6511,2132,1504,163,0.9679358542230835,rdkit_mollogp,0.8223161976823289,1,1.4434407074416487,0.02451581226774855,1
10,109,6511,2132,1504,163,0.9679358542230835,rdkit_ring_count,0.04294210092532968,3,0.013859538695236272,0.0014457370969144401,4
10,109,6511,2132,1504,163,0.9679358542230835,rdkit_aromatic_rings,0.0023979698647408876,6,-0.0011637136988655982,0.0006304285978155023,6
10,109,6511,2132,1504,163,0.9679358542230835,rdkit_rotatable_bonds,0.01621247989368742,5,0.006227831063300904,0.003505712294061634,5
10,109,6511,2132,1504,163,0.9679358542230835,rdkit_fraction_csp3,0.02893108240801923,4,0.02746599305901106,0.004346372768186849,3
