rdkit_ring_count,n,mean_residual,median_residual,mean_residual_ci_low,mean_residual_ci_high,median_residual_ci_low,median_residual_ci_high,mean_abs_residual,median_abs_residual,mean_abs_residual_ci_low,mean_abs_residual_ci_high,median_abs_residual_ci_low,median_abs_residual_ci_high,feature_type,rdkit_aromatic_rings
0.0,2198,0.40158252658426274,0.5012311919467911,0.34857128775773083,0.4581765322709812,0.4480771721439985,0.5599320680734747,1.0235671255574186,0.8491925808123664,0.9886446177308678,1.0612617698975457,0.8073537094425078,0.8780239017514222,total_ring_count,
1.0,2712,0.11393809661890604,0.0711417057784037,0.07621492105615203,0.15418971421610148,0.03062056128164791,0.10594605324156905,0.80726564931099,0.6380066000767057,0.7820390895770193,0.8325029982333957,0.6020222319346034,0.6669415970291532,total_ring_count,
2.0,2191,-0.37687848503467647,-0.4963859567467441,-0.42584880647758766,-0.32835496202639,-0.5443127002882768,-0.4388189265963356,0.9631807775911421,0.8219593325575976,0.9314158628915009,0.9925070912985768,0.7784134884207461,0.8485414921937098,total_ring_count,
3.0,821,-0.3714645065043025,-0.4121829181294276,-0.47798017464602865,-0.2661445139846924,-0.482197160568157,-0.3053221451997947,1.2213751939438056,0.9288086207492778,1.1516580310516675,1.2956900237390632,0.8723146552618073,1.010693540871467,total_ring_count,
4.0,475,-0.240845944307414,-0.1856407735784606,-0.3798228776245784,-0.09733410689583015,-0.28081591286568075,-0.0455534287698475,1.1231521961063926,0.8027816558973382,1.0311717674439853,1.2224188404199745,0.6917008680274863,0.9004984521752963,total_ring_count,
5.0,144,-0.22216228921860023,-0.081050642337761,-0.5063428511330191,0.08386468669116653,-0.4508507444343264,0.5039328319321741,1.444044464988276,1.1937235184152994,1.282168808469394,1.627750817922202,1.0030245630293415,1.3864062880606318,total_ring_count,
6.0,44,0.26939002981744825,0.5117783701891283,-0.24226912053505234,0.8306157888540081,-0.6393599549578397,1.014620867736122,1.5535009214303164,1.3318752587100464,1.245607320870968,1.898699097571105,1.0504246827265873,1.7587022680556466,total_ring_count,
7.0,29,1.1017540034978412,0.8765789666089505,0.35962569116303295,1.8295559920806637,0.2716371966786575,2.536710188393981,1.8658171076211492,1.965683996188234,1.3522052453023794,2.3621255877674376,0.8521518050865957,2.664549180010444,total_ring_count,
8.0,17,1.1454475023850197,1.3455835358464885,0.43615370813633897,1.8470588768052687,0.0238211892437201,1.663708828058578,1.5334019313626197,1.3723239373676437,0.982483319081025,2.1244779313577364,0.368967164435765,2.446539443979584,total_ring_count,
9.0,8,2.7017643004886174,2.7493136358866694,1.7129123392545011,3.543330204504472,1.7021187427566211,3.9153765696778553,2.726584652951259,2.7493136358866694,1.7403764282679783,3.568944070800605,1.9204859149660682,3.8341326531414923,total_ring_count,
11.0,3,2.3552847587842574,3.383826476237152,-0.9172035194628468,4.599231319578466,-0.9172035194628468,4.599231319578466,2.9667537717594885,3.383826476237152,0.9172035194628468,4.599231319578466,0.9172035194628468,4.599231319578466,total_ring_count,
13.0,1,-6.528801352396977,-6.528801352396977,-6.528801352396977,-6.528801352396977,-6.528801352396977,-6.528801352396977,6.528801352396977,6.528801352396977,6.528801352396977,6.528801352396977,6.528801352396977,6.528801352396977,total_ring_count,
,3312,0.2880756905418147,0.36589050157119973,0.24320510995144964,0.3307795373967774,0.323225817648235,0.41655189971106893,1.0008345137881376,0.8251279280279302,0.9731011914006612,1.0292038402440506,0.7961534930704784,0.8607121390355711,aromatic_ring_count,0.0
,2634,0.035307206015754954,0.00395484779086645,-0.004036061275526672,0.075376841076688,-0.05011751293696837,0.0459474067430014,0.7772978766214214,0.6060833786121959,0.7521562982940022,0.8028253792626617,0.583501411973349,0.6387100937342644,aromatic_ring_count,1.0
,2084,-0.41702419871140234,-0.5216192319506823,-0.4709092702280309,-0.3635622378867273,-0.568354908024401,-0.4615784228550383,1.043565845630457,0.8601138983272483,1.0077808590760962,1.078932028153139,0.8247127144744404,0.8978411358150904,aromatic_ring_count,2.0
,425,-0.37074604107948095,-0.4572534369652228,-0.5202764899582236,-0.2155218953388579,-0.6317132348961287,-0.3060684335724524,1.3242919803166282,1.064904986837144,1.22599653535197,1.4255022350544173,0.971201839771608,1.2683751696751369,aromatic_ring_count,3.0
,115,-0.334541584694951,-0.5967355463979072,-0.7385767093693262,0.07619987332630884,-1.4139528622341713,0.0339969086727167,1.837160767425487,1.5121185837511684,1.617402476756502,2.074612207308652,1.43351822059166,1.9006767270015308,aromatic_ring_count,4.0
,42,-0.7100388970281409,-1.6169353936147246,-1.3665665478466327,-0.025620653436892477,-2.064690381658291,-0.24052336606428468,2.094590612464099,2.2307524976777446,1.7990792556584188,2.3987589513966476,1.9204975376202276,2.645148334997997,aromatic_ring_count,5.0
,13,1.4051589212240845,2.224300696662993,-0.028418800903752615,2.729337222803553,-0.3274300022190628,3.0740820348842046,2.5353470901613737,2.446539443979584,1.768275319025535,3.3992958671739304,1.7871898342487746,3.1095507178990216,aromatic_ring_count,6.0
,10,1.4613272420631802,2.1642874321872223,-0.06770760599052666,2.8146918620196524,-0.515502088750639,3.393026920723032,2.4894109027049356,2.6455026508141337,1.7558649052860418,3.179577445189093,1.7021187427566211,3.393026920723032,aromatic_ring_count,7.0
,3,0.5021714529786138,-0.368967164435765,-2.493905901035763,4.369387424407369,-2.493905901035763,4.369387424407369,2.4107534966262993,2.493905901035763,0.368967164435765,4.369387424407369,0.368967164435765,4.369387424407369,aromatic_ring_count,8.0
,3,3.660023352062909,3.75288873660513,2.6279500000051303,4.599231319578466,2.6279500000051303,4.599231319578466,3.660023352062909,3.75288873660513,2.6279500000051303,4.599231319578466,2.6279500000051303,4.599231319578466,aromatic_ring_count,9.0
,2,1.2333114783871526,1.2333114783871526,-0.9172035194628468,3.383826476237152,-0.9172035194628468,3.383826476237152,2.1505149978499993,2.1505149978499993,0.9172035194628468,3.383826476237152,0.9172035194628468,3.383826476237152,aromatic_ring_count,11.0
